4	40	1	1	χριστοῦ
31	40	1	3	Φαρὲς
38	40	1	3	Φαρὲς
246	40	1	16	χριστός
273	40	1	17	χριστοῦ
279	40	1	18	χριστοῦ
351	40	1	21	υἱὸν
382	40	1	23	Ἰδοὺ
400	40	1	23	Μεθʼ
458	40	2	2	Ποῦ
508	40	2	5	Ἐν
518	40	2	6	Καὶ
519	40	2	6	σύ
562	40	2	8	Πορευθέντες
578	40	2	9	οἱ
587	40	2	9	ἀστὴρ
641	40	2	12	καὶ
669	40	2	13	Ἐγερθεὶς
729	40	2	15	Ἐξ
781	40	2	18	Φωνὴ
816	40	2	20	Ἐγερθεὶς
852	40	2	22	ἀκούσας
911	40	3	2	Μετανοεῖτε
928	40	3	3	Φωνὴ
933	40	3	3	Ἑτοιμάσατε
969	40	3	5	τότε
1010	40	3	7	Γεννήματα
1032	40	3	9	Πατέρα
1153	40	3	14	Ἐγὼ
1171	40	3	15	Ἄφες
1219	40	3	17	Οὗτός
1258	40	4	3	Εἰ
1274	40	4	4	Γέγραπται
1275	40	4	4	Οὐκ
1310	40	4	6	Εἰ
1321	40	4	6	Τοῖς
1343	40	4	7	Πάλιν
1345	40	4	7	Οὐκ
1375	40	4	9	Ταῦτά
1388	40	4	10	Ὕπαγε
1389	40	4	10	Σατανᾶ
1392	40	4	10	Κύριον
1401	40	4	11	τότε
1446	40	4	15	Γῆ
1487	40	4	17	Μετανοεῖτε
1524	40	4	19	Δεῦτε
1540	40	4	21	Καὶ
1610	40	4	24	καὶ
1949	40	5	20	λέγω
1977	40	5	21	Οὐ
2009	40	5	22	Ῥακά
2018	40	5	22	Μωρέ
2026	40	5	23	ἐὰν
2067	40	5	25	ἴσθι
2072	40	5	25	ταχὺ
2113	40	5	27	Οὐ
2135	40	5	29	εἰ
2202	40	5	31	Ὃς
2240	40	5	33	Οὐκ
2319	40	5	38	Ὀφθαλμὸν
2388	40	5	43	Ἀγαπήσεις
2468	40	5	48	Ἔσεσθε
2731	40	6	14	ἐὰν
3018	40	6	28	καὶ
3071	40	6	31	μὴ
3075	40	6	31	Τί
3078	40	6	31	Τί
3081	40	6	31	Τί
3116	40	6	34	μὴ
3151	40	7	3	τί
3178	40	7	4	Ἄφες
3220	40	7	6	κυσίν
3374	40	7	14	ζωήν
3412	40	7	17	οὕτως
3463	40	7	21	Κύριε
3490	40	7	22	Κύριε
3515	40	7	23	Οὐδέποτε
3572	40	7	26	καὶ
3666	40	8	2	Κύριε
3679	40	8	3	Θέλω
3692	40	8	4	Ὅρα
3723	40	8	6	Κύριε
3737	40	8	7	Ἐγὼ
3746	40	8	8	Κύριε
3779	40	8	9	Πορεύθητι
3784	40	8	9	Ἔρχου
3791	40	8	9	Ποίησον
3804	40	8	10	Ἀμὴν
3815	40	8	11	λέγω
3864	40	8	13	Ὕπαγε
3935	40	8	17	Αὐτὸς
3962	40	8	19	Διδάσκαλε
3973	40	8	20	Αἱ
4001	40	8	21	Κύριε
4016	40	8	22	Ἀκολούθει
4060	40	8	25	Κύριε
4066	40	8	26	Τί
4087	40	8	27	Ποταπός
4133	40	8	29	Τί
4161	40	8	31	Εἰ
4174	40	8	32	Ὑπάγετε
4245	40	9	2	Καὶ
4263	40	9	2	Θάρσει
4269	40	9	3	καὶ
4277	40	9	3	Οὗτος
4287	40	9	4	Ἱνατί
4299	40	9	5	Ἀφίενταί
4305	40	9	5	Ἔγειρε
4327	40	9	6	Ἐγερθεὶς
4376	40	9	9	Ἀκολούθει
4382	40	9	10	Καὶ
4411	40	9	11	Διὰ
4422	40	9	12	ὁ
4426	40	9	12	Οὐ
4441	40	9	13	Ἔλεος
4460	40	9	14	Διὰ
4479	40	9	15	Μὴ
4539	40	9	17	ἀσκοί
4570	40	9	18	Ἡ
4613	40	9	21	Ἐὰν
4628	40	9	22	Θάρσει
4643	40	9	23	καὶ
4661	40	9	24	Ἀναχωρεῖτε
4708	40	9	27	Ἐλέησον
4726	40	9	28	Πιστεύετε
4733	40	9	28	Ναί
4741	40	9	29	Κατὰ
4758	40	9	30	Ὁρᾶτε
4792	40	9	33	Οὐδέποτε
4802	40	9	34	Ἐν
4860	40	9	37	Ὁ
4902	40	10	2	τῶν
4964	40	10	5	Εἰς
4990	40	10	7	Ἤγγικεν
5007	40	10	9	μὴ
5036	40	10	11	εἰς
5147	40	10	17	προσέχετε
5214	40	10	21	παραδώσει
5247	40	10	23	ὅταν
5351	40	10	28	καὶ
5494	40	10	37	ὁ
5635	40	11	2	χριστοῦ
5643	40	11	3	Σὺ
5650	40	11	4	καὶ
5656	40	11	4	Πορευθέντες
5699	40	11	7	Τί
5733	40	11	9	ναί
5744	40	11	10	Ἰδοὺ
5760	40	11	11	ἀμὴν
5843	40	11	17	Ηὐλήσαμεν
5861	40	11	18	Δαιμόνιον
5873	40	11	19	Ἰδοὺ
5905	40	11	21	Οὐαί
5991	40	11	25	Ἐξομολογοῦμαί
6011	40	11	26	ναί
6126	40	12	2	Ἰδοὺ
6141	40	12	3	Οὐκ
6214	40	12	7	Ἔλεος
6251	40	12	10	Εἰ
6263	40	12	11	Τίς
6271	40	12	11	ἕν
6300	40	12	13	Ἔκτεινόν
6355	40	12	18	Ἰδοὺ
6439	40	12	23	Μήτι
6450	40	12	24	Οὗτος
6470	40	12	25	Πᾶσα
6489	40	12	26	Σατανᾶς
6491	40	12	26	Σατανᾶν
6581	40	12	31	διὰ
6734	40	12	38	Διδάσκαλε
6745	40	12	39	Γενεὰ
6793	40	12	41	ἄνδρες
6866	40	12	44	Εἰς
6934	40	12	47	Ἰδοὺ
6954	40	12	48	Τίς
6975	40	12	49	Ἰδοὺ
7036	40	13	3	καὶ
7043	40	13	3	Ἰδοὺ
7123	40	13	8	ἑκατὸν
7140	40	13	10	Διὰ
7151	40	13	11	Ὅτι
7206	40	13	14	Ἀκοῇ
7410	40	13	23	ἑκατὸν
7422	40	13	24	Ὡμοιώθη
7475	40	13	27	Κύριε
7492	40	13	28	Ἐχθρὸς
7501	40	13	28	Θέλεις
7509	40	13	29	Οὔ
7533	40	13	30	Συλλέξατε
7559	40	13	31	Ὁμοία
7608	40	13	33	Ὁμοία
7627	40	13	34	Ταῦτα
7650	40	13	35	Ἀνοίξω
7676	40	13	36	Διασάφησον
7688	40	13	37	Ὁ
7796	40	13	43	Τότε
7945	40	13	51	Ναί
7950	40	13	52	Διὰ
7972	40	13	53	καὶ
8000	40	13	54	Πόθεν
8055	40	13	57	Οὐκ
8095	40	14	2	Οὗτός
8138	40	14	4	Οὐκ
8155	40	14	6	γενεσίοις
8188	40	14	8	Δός
8245	40	14	12	αὐτόν
8274	40	14	14	καὶ
8288	40	14	15	ὀψίας
8296	40	14	15	Ἔρημός
8321	40	14	16	Οὐ
8333	40	14	17	Οὐκ
8346	40	14	18	Φέρετέ
8445	40	14	24	τὸ
8488	40	14	26	Φάντασμά
8502	40	14	27	Θαρσεῖτε
8513	40	14	28	Κύριε
8520	40	14	28	πρὸς
8521	40	14	28	σὲ
8528	40	14	29	Ἐλθέ
8556	40	14	30	Κύριε
8571	40	14	31	Ὀλιγόπιστε
8592	40	14	33	Ἀληθῶς
8650	40	15	2	Διὰ
8674	40	15	3	Διὰ
8691	40	15	4	Τίμα
8698	40	15	4	Ὁ
8708	40	15	5	Ὃς
8716	40	15	5	Δῶρον
8745	40	15	8	Ὁ
8768	40	15	10	Καὶ
8774	40	15	10	Ἀκούετε
8802	40	15	12	Οἶδας
8814	40	15	13	Πᾶσα
8829	40	15	14	ὁδηγοί
8846	40	15	15	Φράσον
8849	40	15	15	παραβολήν
8854	40	15	16	Ἀκμὴν
8941	40	15	22	Ἐλέησόν
8965	40	15	23	Ἀπόλυσον
8975	40	15	24	Οὐκ
8992	40	15	25	Κύριε
8999	40	15	26	Οὐκ
9014	40	15	27	Ναί
9038	40	15	28	Ὦ
9089	40	15	30	πολλούς
9128	40	15	32	Σπλαγχνίζομαι
9159	40	15	33	Πόθεν
9174	40	15	34	Πόσους
9180	40	15	34	Ἑπτά
9235	40	15	39	καὶ
9269	40	16	2	Ὀψίας
9272	40	16	2	Εὐδία
9279	40	16	3	Σήμερον
9300	40	16	4	Γενεὰ
9335	40	16	6	Ὁρᾶτε
9352	40	16	7	Ἄρτους
9360	40	16	8	Τί
9444	40	16	13	Τίνα
9456	40	16	14	Οἱ
9473	40	16	15	Ὑμεῖς
9484	40	16	16	Σὺ
9494	40	16	17	ἀποκριθεὶς
9500	40	16	17	Μακάριος
9574	40	16	20	τότε
9627	40	16	22	Ἵλεώς
9641	40	16	23	Ὕπαγε
9644	40	16	23	Σατανᾶ
9665	40	16	24	Εἴ
9749	40	16	28	ἀμὴν
9837	40	17	4	Κύριε
9872	40	17	5	Οὗτός
9903	40	17	7	Ἐγέρθητε
9930	40	17	9	Μηδενὶ
9943	40	17	10	καὶ
9949	40	17	10	Τί
10019	40	17	15	Κύριε
10056	40	17	17	Ὦ
10102	40	17	19	Διὰ
10113	40	17	20	Διὰ
10131	40	17	20	Μετάβα
10150	40	17	22	Μέλλει
10184	40	17	24	Ὁ
10192	40	17	25	Ναί
10203	40	17	25	Τί
10227	40	17	26	Ἀπὸ
10234	40	17	26	Ἄρα
10281	40	18	1	Τίς
10300	40	18	3	Ἀμὴν
10378	40	18	7	οὐαὶ
10424	40	18	8	χωλόν
10496	40	18	12	τί
10626	40	18	18	ἀμὴν
10700	40	18	21	Κύριε
10717	40	18	22	Οὐ
10782	40	18	26	Μακροθύμησον
10789	40	18	27	σπλαγχνισθεὶς
10797	40	18	27	αὐτόν
10823	40	18	28	Ἀπόδος
10835	40	18	29	Μακροθύμησον
10873	40	18	32	τότε
10881	40	18	32	Δοῦλε
10919	40	18	35	Οὕτως
10979	40	19	3	Εἰ
10993	40	19	4	Οὐκ
11004	40	19	4	αὐτοὺς
11007	40	19	5	Ἕνεκα
11043	40	19	7	λέγουσιν
11045	40	19	7	Τί
11095	40	19	10	μαθηταί
11097	40	19	10	Εἰ
11114	40	19	11	Οὐ
11175	40	19	14	Ἄφετε
11206	40	19	16	Διδάσκαλε
11218	40	19	17	Τί
11238	40	19	18	λέγει
11240	40	19	18	Ποίας
11245	40	19	18	Τὸ
11246	40	19	18	Οὐ
11248	40	19	18	Οὐ
11250	40	19	18	Οὐ
11252	40	19	18	Οὐ
11254	40	19	19	Τίμα
11261	40	19	19	Ἀγαπήσεις
11271	40	19	20	Πάντα
11281	40	19	21	Εἰ
11323	40	19	23	Ἀμὴν
11361	40	19	25	Τίς
11371	40	19	26	Παρὰ
11387	40	19	27	Ἰδοὺ
11403	40	19	28	Ἀμὴν
11516	40	20	3	ἀργούς
11520	40	20	4	Ὑπάγετε
11557	40	20	6	Τί
11566	40	20	7	Ὅτι
11572	40	20	7	Ὑπάγετε
11578	40	20	8	ὀψίας
11589	40	20	8	Κάλεσον
11636	40	20	12	Οὗτοι
11662	40	20	13	Ἑταῖρε
11684	40	20	15	Ἢ
11731	40	20	18	Ἰδοὺ
11788	40	20	21	Τί
11792	40	20	21	Εἰπὲ
11818	40	20	22	Οὐκ
11832	40	20	22	Δυνάμεθα
11835	40	20	23	Τὸ
11876	40	20	25	Οἴδατε
11950	40	20	30	ὁδόν
11959	40	20	30	Κύριε
11974	40	20	31	Ἐλέησον
11987	40	20	32	Τί
11993	40	20	33	Κύριε
12024	40	21	1	Ὄρος
12026	40	21	1	Ἐλαιῶν
12034	40	21	2	Πορεύεσθε
12061	40	21	3	Ὁ
12070	40	21	4	Τοῦτο
12081	40	21	5	Εἴπατε
12085	40	21	5	Ἰδοὺ
12162	40	21	9	Ὡσαννὰ
12166	40	21	9	Εὐλογημένος
12172	40	21	9	Ὡσαννὰ
12176	40	21	10	καὶ
12186	40	21	10	Τίς
12193	40	21	11	Οὗτός
12208	40	21	12	ἱερόν
12235	40	21	13	Γέγραπται
12236	40	21	13	Ὁ
12248	40	21	14	Καὶ
12281	40	21	15	Ὡσαννὰ
12289	40	21	16	Ἀκούεις
12298	40	21	16	Ναί
12302	40	21	16	Ἐκ
12337	40	21	19	αὐτήν
12350	40	21	19	Μηκέτι
12363	40	21	20	καὶ
12369	40	21	20	Πῶς
12380	40	21	21	Ἀμὴν
12401	40	21	21	Ἄρθητι
12435	40	21	23	Ἐν
12453	40	21	24	Ἐρωτήσω
12487	40	21	25	Ἐὰν
12489	40	21	25	Ἐξ
12493	40	21	25	Διὰ
12502	40	21	26	Ἐξ
12519	40	21	27	Οὐκ
12525	40	21	27	Οὐδὲ
12547	40	21	28	Τέκνον
12558	40	21	29	Οὐ
12574	40	21	30	Ἐγώ
12589	40	21	31	Ὁ
12595	40	21	31	Ἀμὴν
12643	40	21	33	Ἄνθρωπος
12721	40	21	37	Ἐντραπήσονται
12734	40	21	38	Οὗτός
12769	40	21	41	Κακοὺς
12772	40	21	41	αὐτούς
12792	40	21	42	Οὐδέποτε
12797	40	21	42	Λίθον
12836	40	21	44	Καὶ
12888	40	22	2	Ὡμοιώθη
12921	40	22	4	Εἴπατε
12924	40	22	4	Ἰδοὺ
12992	40	22	8	Ὁ
13039	40	22	11	εἰσελθὼν
13056	40	22	12	Ἑταῖρε
13073	40	22	13	Δήσαντες
13097	40	22	14	κλητοὶ
13122	40	22	16	Διδάσκαλε
13167	40	22	18	Τί
13185	40	22	20	Τίνος
13198	40	22	21	Ἀπόδοτε
13231	40	22	24	Διδάσκαλε
13234	40	22	24	Ἐάν
13310	40	22	29	Πλανᾶσθε
13350	40	22	32	Ἐγώ
13399	40	22	36	Διδάσκαλε
13410	40	22	37	Ἀγαπήσεις
13439	40	22	39	Δευτέρα
13443	40	22	39	Ἀγαπήσεις
13470	40	22	42	Τί
13481	40	22	42	Τοῦ
13485	40	22	43	Πῶς
13494	40	22	44	Εἶπεν
13499	40	22	44	Κάθου
13550	40	23	2	Ἐπὶ
13647	40	23	7	Ῥαββί
13648	40	23	8	ὑμεῖς
13652	40	23	8	Ῥαββί
13689	40	23	10	χριστός
13763	40	23	16	Ὃς
13798	40	23	18	Ὃς
14020	40	23	30	Εἰ
14066	40	23	34	διὰ
14188	40	23	39	Εὐλογημένος
14218	40	24	2	Οὐ
14240	40	24	3	Ὄρους
14242	40	24	3	Ἐλαιῶν
14266	40	24	4	καὶ
14272	40	24	4	Βλέπετε
14285	40	24	5	Ἐγώ
14521	40	24	23	τότε
14526	40	24	23	Ἰδοὺ
14531	40	24	23	Ὧδε
14548	40	24	24	δυνατὸν
14559	40	24	26	Ἰδοὺ
14566	40	24	26	Ἰδοὺ
14743	40	24	35	ὁ
14778	40	24	37	ὥσπερ
14836	40	24	40	τότε
14857	40	24	42	γρηγορεῖτε
14868	40	24	43	ἐκεῖνο
14964	40	24	48	Χρονίζει
15082	40	25	6	Ἰδοὺ
15106	40	25	8	Δότε
15122	40	25	9	Μήποτε
15165	40	25	11	Κύριε
15173	40	25	12	Ἀμὴν
15179	40	25	13	γρηγορεῖτε
15258	40	25	19	μετὰ
15285	40	25	20	Κύριε
15300	40	25	21	Εὖ
15320	40	25	22	προσελθὼν
15328	40	25	22	Κύριε
15343	40	25	23	Εὖ
15363	40	25	24	προσελθὼν
15372	40	25	24	Κύριε
15402	40	25	26	ἀποκριθεὶς
15409	40	25	26	Πονηρὲ
15455	40	25	29	τῷ
15548	40	25	34	τότε
15556	40	25	34	Δεῦτε
15606	40	25	37	Κύριε
15646	40	25	40	Ἀμὴν
15661	40	25	41	τότε
15667	40	25	41	Πορεύεσθε
15721	40	25	44	Κύριε
15745	40	25	45	Ἀμὴν
15785	40	26	2	Οἴδατε
15830	40	26	5	Μὴ
15872	40	26	8	Εἰς
15885	40	26	10	γνοὺς
15891	40	26	10	Τί
15963	40	26	15	Τί
15996	40	26	17	Ποῦ
16006	40	26	18	Ὑπάγετε
16016	40	26	18	Ὁ
16019	40	26	18	Ὁ
16057	40	26	21	Ἀμὴν
16074	40	26	22	Μήτι
16082	40	26	23	Ὁ
16132	40	26	25	Μήτι
16138	40	26	25	Σὺ
16155	40	26	26	Λάβετε
16170	40	26	27	Πίετε
16219	40	26	30	καὶ
16224	40	26	30	Ὄρος
16226	40	26	30	Ἐλαιῶν
16232	40	26	31	Πάντες
16243	40	26	31	Πατάξω
16268	40	26	33	Εἰ
16280	40	26	34	Ἀμὴν
16298	40	26	35	Κἂν
16328	40	26	36	Καθίσατε
16351	40	26	38	Περίλυπός
16364	40	26	39	καὶ
16374	40	26	39	Πάτερ
16406	40	26	40	Οὕτως
16430	40	26	42	πάλιν
16436	40	26	42	Πάτερ
16463	40	26	44	καὶ
16484	40	26	45	Καθεύδετε
16543	40	26	48	Ὃν
16556	40	26	49	Χαῖρε
16566	40	26	50	Ἑταῖρε
16581	40	26	51	καὶ
16609	40	26	52	Ἀπόστρεψον
16651	40	26	55	ἐν
16660	40	26	55	Ὡς
16691	40	26	56	τότε
16737	40	26	59	οἱ
16758	40	26	60	Ὕστερον
16763	40	26	61	Οὗτος
16765	40	26	61	Δύναμαι
16782	40	26	62	Οὐδὲν
16797	40	26	63	Ἐξορκίζω
16820	40	26	64	Σὺ
16844	40	26	65	τότε
16852	40	26	65	Ἐβλασφήμησεν
16870	40	26	66	Ἔνοχος
16873	40	26	67	τότε
16886	40	26	68	Προφήτευσον
16908	40	26	69	Καὶ
16921	40	26	70	Οὐκ
16925	40	26	71	ἐξελθόντα
16937	40	26	71	Οὗτος
16949	40	26	72	Οὐκ
16953	40	26	73	μετὰ
16962	40	26	73	Ἀληθῶς
16982	40	26	74	Οὐκ
16999	40	26	75	Πρὶν
17056	40	27	4	Ἥμαρτον
17063	40	27	4	Τί
17079	40	27	6	οἱ
17086	40	27	6	Οὐκ
17104	40	27	7	Ἀγρὸν
17106	40	27	7	Κεραμέως
17116	40	27	8	Ἀγρὸς
17117	40	27	8	Αἵματος
17130	40	27	9	Καὶ
17169	40	27	11	Σὺ
17179	40	27	11	Σὺ
17198	40	27	13	Οὐκ
17244	40	27	17	Τίνα
17276	40	27	19	Μηδὲν
17313	40	27	21	Τίνα
17323	40	27	21	Τὸν
17329	40	27	22	Τί
17338	40	27	22	Σταυρωθήτω
17342	40	27	23	Τί
17351	40	27	23	Σταυρωθήτω
17352	40	27	24	ἰδὼν
17372	40	27	24	Ἀθῷός
17386	40	27	25	Τὸ
17455	40	27	29	Χαῖρε
17472	40	27	31	καὶ
17529	40	27	35	σταυρώσαντες
17543	40	27	37	καὶ
17553	40	27	37	Οὗτός
17573	40	27	39	οἱ
17584	40	27	40	Ὁ
17616	40	27	42	Ἄλλους
17646	40	27	43	Θεοῦ
17649	40	27	44	τὸ
17685	40	27	46	Ἠλὶ
17686	40	27	46	ἠλὶ
17687	40	27	46	λεμὰ
17688	40	27	46	σαβαχθάνι
17691	40	27	46	Θεέ
17730	40	27	49	Ἄφες
17747	40	27	51	καὶ
17815	40	27	54	Ἀληθῶς
17887	40	27	59	καὶ
17920	40	27	61	ἦν
17951	40	27	63	Κύριε
17960	40	27	63	Μετὰ
17984	40	27	64	Ἠγέρθη
18000	40	27	65	Ἔχετε
18083	40	28	5	ἀποκριθεὶς
18090	40	28	5	Μὴ
18121	40	28	7	Ἠγέρθη
18138	40	28	8	καὶ
18160	40	28	9	Χαίρετε
18176	40	28	10	Μὴ
18222	40	28	13	Εἴπατε
18224	40	28	13	Οἱ
18255	40	28	15	Καὶ
18296	40	28	18	Ἐδόθη
18351	41	1	1	χριστοῦ
18361	41	1	2	Ἰδοὺ
18379	41	1	3	Ἑτοιμάσατε
18446	41	1	7	καὶ
18449	41	1	7	Ἔρχεται
18520	41	1	11	Σὺ
18549	41	1	13	Σατανᾶ
18580	41	1	15	Πεπλήρωται
18621	41	1	17	Δεῦτε
18637	41	1	19	καὶ
18708	41	1	23	καὶ
18722	41	1	24	Τί
18745	41	1	25	Φιμώθητι
18772	41	1	27	Τί
18776	41	1	27	καινή
18919	41	1	37	Πάντες
18925	41	1	38	Ἄγωμεν
18939	41	1	39	καὶ
18967	41	1	40	Ἐὰν
18982	41	1	41	Θέλω
18998	41	1	43	αὐτόν
19002	41	1	44	Ὅρα
19122	41	2	5	Τέκνον
19140	41	2	7	Τί
19169	41	2	8	Τί
19182	41	2	9	Ἀφίενταί
19188	41	2	9	Ἔγειρε
19214	41	2	11	Σοὶ
19246	41	2	12	Οὕτως
19265	41	2	14	καὶ
19279	41	2	14	Ἀκολούθει
19328	41	2	16	Ὅτι
19342	41	2	17	Οὐ
19372	41	2	18	Διὰ
19394	41	2	19	Μὴ
19473	41	2	22	ἀσκούς
19512	41	2	24	Ἴδε
19523	41	2	25	Οὐδέποτε
19569	41	2	27	καὶ
19572	41	2	27	Τὸ
19626	41	3	3	ξηράν
19629	41	3	3	Ἔγειρε
19636	41	3	4	Ἔξεστιν
19665	41	3	5	Ἔκτεινον
19675	41	3	6	καὶ
19729	41	3	8	πολύ
19736	41	3	9	καὶ
19778	41	3	11	Σὺ
19807	41	3	14	καὶ
19829	41	3	16	καὶ
19857	41	3	17	Υἱοὶ
19858	41	3	17	Βροντῆς
19915	41	3	22	καὶ
19936	41	3	23	καὶ
19943	41	3	23	Πῶς
19945	41	3	23	Σατανᾶς
19946	41	3	23	Σατανᾶν
19975	41	3	26	Σατανᾶς
20053	41	3	30	Πνεῦμα
20081	41	3	32	Ἰδοὺ
20100	41	3	33	Τίς
20117	41	3	34	Ἴδε
20179	41	4	2	πολλά
20268	41	4	8	καλήν
20287	41	4	9	Ὃς
20310	41	4	11	Ὑμῖν
20347	41	4	13	Οὐκ
20369	41	4	15	ὁδὸν
20380	41	4	15	Σατανᾶς
20492	41	4	21	Μήτι
20533	41	4	24	καὶ
20536	41	4	24	Βλέπετε
20565	41	4	26	Οὕτως
20625	41	4	30	Πῶς
20714	41	4	35	Διέλθωμεν
20768	41	4	38	Διδάσκαλε
20783	41	4	39	Σιώπα
20796	41	4	40	Τί
20810	41	4	41	Τίς
20908	41	5	6	καὶ
20909	41	5	6	Ἰδὼν
20923	41	5	7	Τί
20943	41	5	8	Ἔξελθε
20954	41	5	9	Τί
20960	41	5	9	Λεγιὼν
20977	41	5	11	ἦν
20991	41	5	12	Πέμψον
21050	41	5	14	γεγονός
21092	41	5	18	καὶ
21113	41	5	19	Ὕπαγε
21120	41	5	19	σούς
21169	41	5	22	καὶ
21190	41	5	23	Τὸ
21209	41	5	24	Καὶ
21213	41	5	24	πολύς
21217	41	5	25	καὶ
21262	41	5	28	Ἐὰν
21303	41	5	30	Τίς
21314	41	5	31	Βλέπεις
21321	41	5	31	Τίς
21354	41	5	34	Θυγάτηρ
21379	41	5	35	Ἡ
21398	41	5	36	Μὴ
21439	41	5	39	Τί
21482	41	5	41	Ταλιθα
21487	41	5	41	Τὸ
21549	41	6	2	Πόθεν
21605	41	6	4	Οὐκ
21652	41	6	7	καὶ
21702	41	6	10	Ὅπου
21800	41	6	16	Ὃν
21837	41	6	18	Οὐκ
21923	41	6	22	Αἴτησόν
21934	41	6	23	πολλά
21935	41	6	23	Ὅ
21953	41	6	24	Τί
21958	41	6	24	Τὴν
21973	41	6	25	Θέλω
22073	41	6	31	Δεῦτε
22096	41	6	32	καὶ
22112	41	6	33	πολλοί
22124	41	6	34	καὶ
22132	41	6	34	αὐτοὺς
22157	41	6	35	Ἔρημός
22184	41	6	37	Δότε
22191	41	6	37	Ἀπελθόντες
22204	41	6	38	Πόσους
22212	41	6	38	Πέντε
22395	41	6	50	Θαρσεῖτε
22440	41	6	54	καὶ
22478	41	6	56	ἀγροὺς
22581	41	7	5	Διὰ
22599	41	7	6	ὁ
22603	41	7	6	Καλῶς
22613	41	7	6	Οὗτος
22646	41	7	9	Καὶ
22649	41	7	9	Καλῶς
22663	41	7	10	Τίμα
22672	41	7	10	Ὁ
22682	41	7	11	Ἐὰν
22690	41	7	11	Κορβᾶν
22693	41	7	11	Δῶρον
22731	41	7	14	Ἀκούσατέ
22777	41	7	18	Οὕτως
22819	41	7	20	Τὸ
22871	41	7	24	καὶ
22923	41	7	27	Ἄφες
22947	41	7	28	Κύριε
22963	41	7	29	Διὰ
23012	41	7	32	καὶ
23057	41	7	34	Εφφαθα
23060	41	7	34	Διανοίχθητι
23095	41	7	37	Καλῶς
23125	41	8	2	Σπλαγχνίζομαι
23165	41	8	4	Πόθεν
23177	41	8	5	Πόσους
23183	41	8	5	Ἑπτά
23238	41	8	10	καὶ
23276	41	8	12	Τί
23320	41	8	15	Ὁρᾶτε
23343	41	8	17	Τί
23385	41	8	19	Δώδεκα
23400	41	8	20	Ἑπτά
23404	41	8	21	Οὔπω
23410	41	8	22	καὶ
23443	41	8	23	Εἴ
23449	41	8	24	Βλέπω
23481	41	8	26	Μηδὲ
23510	41	8	27	Τίνα
23538	41	8	29	Ὑμεῖς
23549	41	8	29	Σὺ
23616	41	8	33	Ὕπαγε
23619	41	8	33	Σατανᾶ
23640	41	8	34	Εἴ
23724	41	8	38	αὐτὸν
23738	41	9	1	καὶ
23741	41	9	1	Ἀμὴν
23828	41	9	5	Ῥαββί
23865	41	9	7	Οὗτός
23922	41	9	11	καὶ
23926	41	9	11	Ὅτι
24004	41	9	16	Τί
24008	41	9	17	καὶ
24015	41	9	17	Διδάσκαλε
24056	41	9	19	Ὦ
24097	41	9	21	Πόσος
24107	41	9	21	Ἐκ
24136	41	9	23	Τὸ
24137	41	9	23	Εἰ
24150	41	9	24	Πιστεύω
24169	41	9	25	Τὸ
24194	41	9	26	νεκρὸς
24212	41	9	28	καὶ
24224	41	9	28	Ὅτι
24233	41	9	29	Τοῦτο
24265	41	9	31	Ὁ
24295	41	9	33	καὶ
24302	41	9	33	Τί
24327	41	9	35	Εἴ
24351	41	9	37	Ὃς
24380	41	9	38	Διδάσκαλε
24400	41	9	39	Μὴ
24437	41	9	41	χριστοῦ
24509	41	9	45	καὶ
24535	41	9	47	καὶ
24640	41	10	3	Τί
24647	41	10	4	Ἐπέτρεψεν
24659	41	10	5	Πρὸς
24729	41	10	11	Ὃς
24771	41	10	14	Ἄφετε
24827	41	10	17	Διδάσκαλε
24840	41	10	18	Τί
24854	41	10	19	Μὴ
24856	41	10	19	Μὴ
24858	41	10	19	Μὴ
24860	41	10	19	Μὴ
24862	41	10	19	Μὴ
24864	41	10	19	Τίμα
24875	41	10	20	Διδάσκαλε
24882	41	10	21	ὁ
24892	41	10	21	Ἕν
24933	41	10	23	Πῶς
24960	41	10	24	Τέκνα
24994	41	10	26	Καὶ
25003	41	10	27	Παρὰ
25021	41	10	28	Ἰδοὺ
25031	41	10	29	Ἀμὴν
25129	41	10	33	Ἰδοὺ
25180	41	10	35	Διδάσκαλε
25193	41	10	36	Τί
25194	41	10	36	θέλετε
25202	41	10	37	Δὸς
25223	41	10	38	Οὐκ
25245	41	10	39	Δυνάμεθα
25251	41	10	39	Τὸ
25290	41	10	42	Καὶ
25297	41	10	42	Οἴδατε
25363	41	10	46	καὶ
25396	41	10	47	Υἱὲ
25412	41	10	48	Υἱὲ
25421	41	10	49	Φωνήσατε
25429	41	10	49	Θάρσει
25450	41	10	51	Τί
25459	41	10	51	Ραββουνι
25467	41	10	52	Ὕπαγε
25493	41	11	1	Ὄρος
25495	41	11	1	Ἐλαιῶν
25504	41	11	2	Ὑπάγετε
25534	41	11	3	Τί
25538	41	11	3	Ὁ
25571	41	11	5	Τί
25587	41	11	7	καὶ
25627	41	11	9	Ὡσαννά
25628	41	11	9	Εὐλογημένος
25634	41	11	10	Εὐλογημένη
25642	41	11	10	Ὡσαννὰ
25652	41	11	11	ἱερόν
25704	41	11	14	καὶ
25708	41	11	14	Μηκέτι
25726	41	11	15	καὶ
25769	41	11	17	Οὐ
25772	41	11	17	Ὁ
25787	41	11	18	καὶ
25834	41	11	21	Ῥαββί
25847	41	11	22	Ἔχετε
25860	41	11	23	Ἄρθητι
25896	41	11	25	καὶ
25945	41	11	28	Ἐν
25960	41	11	29	ὁ
25965	41	11	29	Ἐπερωτήσω
25992	41	11	31	καὶ
25999	41	11	31	Ἐξ
26002	41	11	31	Διὰ
26010	41	11	32	Ἐξ
26024	41	11	33	καὶ
26029	41	11	33	Οὐκ
26036	41	11	33	Οὐδὲ
26051	41	12	1	Ἀμπελῶνα
26131	41	12	6	Ἐντραπήσονται
26143	41	12	7	Οὗτός
26158	41	12	8	αὐτόν
26176	41	12	9	γεωργούς
26182	41	12	10	οὐδὲ
26187	41	12	10	Λίθον
26245	41	12	14	Διδάσκαλε
26280	41	12	15	ὁ
26288	41	12	15	Τί
26302	41	12	16	Τίνος
26319	41	12	17	Τὰ
26347	41	12	19	Διδάσκαλε
26393	41	12	21	αὐτήν
26430	41	12	24	ἔφη
26434	41	12	24	Οὐ
26484	41	12	26	Ἐγὼ
26519	41	12	28	Ποία
26528	41	12	29	Πρώτη
26530	41	12	29	Ἄκουε
26570	41	12	31	Ἀγαπήσεις
26582	41	12	32	καὶ
26587	41	12	32	Καλῶς
26643	41	12	34	Οὐ
26651	41	12	34	καὶ
26666	41	12	35	Πῶς
26684	41	12	36	Εἶπεν
26689	41	12	36	Κάθου
26713	41	12	37	καὶ
26726	41	12	38	Βλέπετε
26801	41	12	43	Ἀμὴν
26851	41	13	1	Διδάσκαλε
26863	41	13	2	Βλέπεις
26884	41	13	3	Ὄρος
26886	41	13	3	Ἐλαιῶν
26901	41	13	4	Εἰπὸν
26915	41	13	5	ὁ
26921	41	13	5	Βλέπετε
26934	41	13	6	Ἐγώ
26972	41	13	9	βλέπετε
27036	41	13	12	καὶ
27101	41	13	15	ἆραι
27185	41	13	21	καὶ
27191	41	13	21	Ἴδε
27195	41	13	21	Ἴδε
27213	41	13	22	δυνατὸν
27330	41	13	30	ἀμὴν
27380	41	13	33	βλέπετε
27389	41	13	34	ὡς
27470	41	14	2	Μὴ
27513	41	14	4	Εἰς
27537	41	14	6	ὁ
27541	41	14	6	Ἄφετε
27648	41	14	12	Ποῦ
27665	41	14	13	Ὑπάγετε
27686	41	14	14	Ὁ
27689	41	14	14	Ποῦ
27747	41	14	18	Ἀμὴν
27768	41	14	19	Μήτι
27774	41	14	20	Εἷς
27827	41	14	22	Λάβετε
27847	41	14	24	Τοῦτό
27889	41	14	26	Ὄρος
27891	41	14	26	Ἐλαιῶν
27892	41	14	27	Καὶ
27898	41	14	27	Πάντες
27902	41	14	27	Πατάξω
27924	41	14	29	Εἰ
27936	41	14	30	Ἀμὴν
27957	41	14	31	Ἐὰν
27978	41	14	32	Γεθσημανί
27984	41	14	32	Καθίσατε
28008	41	14	34	Περίλυπός
28039	41	14	36	Αββα
28092	41	14	39	καὶ
28118	41	14	41	καὶ
28125	41	14	41	Καθεύδετε
28187	41	14	44	Ὃν
28203	41	14	45	Ῥαββί
28234	41	14	48	καὶ
28240	41	14	48	Ὡς
28268	41	14	50	καὶ
28273	41	14	51	Καὶ
28335	41	14	55	οἱ
28373	41	14	58	Ἡμεῖς
28378	41	14	58	Ἐγὼ
28400	41	14	60	καὶ
28410	41	14	60	Οὐκ
28412	41	14	60	οὐδέν
28432	41	14	61	Σὺ
28444	41	14	62	Ἐγώ
28472	41	14	63	Τί
28491	41	14	65	καὶ
28507	41	14	65	Προφήτευσον
28536	41	14	67	Καὶ
28548	41	14	68	Οὔτε
28575	41	14	69	Οὗτος
28583	41	14	70	καὶ
28592	41	14	70	Ἀληθῶς
28607	41	14	71	Οὐκ
28620	41	14	72	καὶ
28632	41	14	72	Πρὶν
28635	41	14	72	δίς
28665	41	15	2	καὶ
28670	41	15	2	Σὺ
28681	41	15	2	Σὺ
28696	41	15	4	Οὐκ
28752	41	15	9	Θέλετε
28787	41	15	12	Τί
28801	41	15	13	Σταύρωσον
28808	41	15	14	Τί
28816	41	15	14	Σταύρωσον
28818	41	15	15	ὁ
28868	41	15	18	Χαῖρε
28887	41	15	20	καὶ
28901	41	15	20	καὶ
28907	41	15	21	Καὶ
28926	41	15	22	καὶ
28947	41	15	24	καὶ
28962	41	15	25	Ἦν
28977	41	15	26	Ὁ
28981	41	15	27	καὶ
29006	41	15	29	Οὐὰ
29033	41	15	31	Ἄλλους
29082	41	15	34	Ἐλωῒ
29083	41	15	34	ἐλωῒ
29084	41	15	34	λεμὰ
29085	41	15	34	σαβαχθάνι
29089	41	15	34	Ὁ
29105	41	15	35	Ἴδε
29120	41	15	36	Ἄφετε
29134	41	15	38	καὶ
29146	41	15	39	ἰδὼν
29159	41	15	39	Ἀληθῶς
29215	41	15	42	παρασκευή
29272	41	15	46	καὶ
29348	41	16	3	Τίς
29369	41	16	5	καὶ
29389	41	16	6	Μὴ
29417	41	16	7	Προάγει
29428	41	16	8	καὶ
29526	41	16	15	Πορευθέντες
29627	41	16	20	μετὰ
29714	42	1	5	Ἀαρών
29812	42	1	12	ἰδών
29824	42	1	13	Μὴ
29922	42	1	18	Κατὰ
29945	42	1	19	Ἐγώ
30057	42	1	25	Οὕτως
30111	42	1	28	Χαῖρε
30130	42	1	30	καὶ
30135	42	1	30	Μὴ
30151	42	1	31	υἱόν
30163	42	1	32	Ὑψίστου
30199	42	1	34	Πῶς
30212	42	1	35	Πνεῦμα
30216	42	1	35	σέ
30219	42	1	35	Ὑψίστου
30263	42	1	38	Ἰδοὺ
30273	42	1	38	καὶ
30334	42	1	42	Εὐλογημένη
30337	42	1	42	γυναιξίν
30519	42	1	57	αὐτήν
30569	42	1	60	Οὐχί
30578	42	1	61	Οὐδείς
30627	42	1	65	καὶ
30657	42	1	66	Τί
30765	42	1	76	καὶ
30770	42	1	76	Ὑψίστου
30905	42	2	6	ἐγένετο
30978	42	2	10	Μὴ
31029	42	2	14	Δόξα
31056	42	2	15	Διέλθωμεν
31155	42	2	21	αὐτόν
31199	42	2	23	Πᾶν
31232	42	2	25	Συμεών
31239	42	2	25	εὐλαβής
31309	42	2	29	Νῦν
31370	42	2	34	Ἰδοὺ
31503	42	2	42	καὶ
31596	42	2	48	καὶ
31607	42	2	48	Τέκνον
31624	42	2	49	Τί
31736	42	3	3	καὶ
31758	42	3	4	Φωνὴ
31763	42	3	4	Ἑτοιμάσατε
31786	42	3	5	εὐθεῖαν
31809	42	3	7	Γεννήματα
31831	42	3	8	Πατέρα
31879	42	3	10	Τί
31886	42	3	11	Ὁ
31909	42	3	12	Διδάσκαλε
31917	42	3	13	Μηδὲν
31930	42	3	14	Τί
31937	42	3	14	Μηδένα
31970	42	3	16	Ἐγὼ
32032	42	3	19	ὁ
32099	42	3	22	Σὺ
32223	42	3	33	Φαρὲς
32297	42	4	2	καὶ
32314	42	4	3	Εἰ
32332	42	4	4	Γέγραπται
32334	42	4	4	Οὐκ
32359	42	4	6	Σοὶ
32393	42	4	8	Γέγραπται
32394	42	4	8	Κύριον
32418	42	4	9	Εἰ
32430	42	4	10	Τοῖς
32441	42	4	11	Ἐπὶ
32459	42	4	12	Εἴρηται
32460	42	4	12	Οὐκ
32466	42	4	13	καὶ
32528	42	4	16	συναγωγήν
32549	42	4	18	Πνεῦμα
32552	42	4	18	ἐμέ
32599	42	4	21	Σήμερον
32608	42	4	22	καὶ
32627	42	4	22	Οὐχὶ
32636	42	4	23	Πάντως
32642	42	4	23	Ἰατρέ
32660	42	4	24	Ἀμὴν
32806	42	4	33	καὶ
32820	42	4	34	Ἔα
32844	42	4	35	Φιμώθητι
32850	42	4	35	ῥίψαν
32873	42	4	36	Τίς
32970	42	4	41	Σὺ
33000	42	4	42	αὐτόν
33019	42	4	43	Καὶ
33034	42	4	44	καὶ
33105	42	5	4	ὡς
33113	42	5	4	Ἐπανάγαγε
33128	42	5	5	Ἐπιστάτα
33177	42	5	8	ἰδὼν
33186	42	5	8	Ἔξελθε
33230	42	5	10	Μὴ
33274	42	5	12	Κύριε
33287	42	5	13	Θέλω
33435	42	5	20	Ἄνθρωπε
33450	42	5	21	Τίς
33476	42	5	22	Τί
33486	42	5	23	Ἀφέωνταί
33493	42	5	23	Ἔγειρε
33514	42	5	24	Σοὶ
33551	42	5	26	θεόν
33557	42	5	26	Εἴδομεν
33576	42	5	27	Ἀκολούθει
33619	42	5	30	Διὰ
33636	42	5	31	Οὐ
33659	42	5	33	Οἱ
33684	42	5	34	Μὴ
33715	42	5	36	ἔλεγεν
33722	42	5	36	Οὐδεὶς
33769	42	5	37	ἀσκούς
33792	42	5	39	Ὁ
33821	42	6	2	Τί
33835	42	6	3	Οὐδὲ
33880	42	6	5	Κύριός
33944	42	6	8	Ἔγειρε
33959	42	6	9	Ἐπερωτῶ
33978	42	6	10	Ἔκτεινον
34023	42	6	13	καὶ
34069	42	6	15	Ζηλωτὴν
34075	42	6	16	Ἰσκαριὼθ
34174	42	6	22	Μακάριοί
34225	42	6	24	πλὴν
34250	42	6	26	Οὐαὶ
34313	42	6	30	παντὶ
34325	42	6	31	καὶ
34336	42	6	32	Καὶ
34410	42	6	35	Ὑψίστου
34420	42	6	36	γίνεσθε
34471	42	6	39	Μήτι
34495	42	6	41	τί
34523	42	6	42	Ἀδελφέ
34538	42	6	42	σοῦ
34550	42	6	42	σοῦ
34631	42	6	46	Κύριε
34638	42	6	47	πᾶς
34777	42	7	4	Ἄξιός
34814	42	7	6	Κύριε
34857	42	7	8	Πορεύθητι
34862	42	7	8	Ἔρχου
34869	42	7	8	Ποίησον
34879	42	7	9	αὐτόν
34887	42	7	9	Λέγω
34896	42	7	10	καὶ
34916	42	7	11	Ναΐν
34965	42	7	13	Μὴ
34978	42	7	14	Νεανίσκε
35005	42	7	16	Προφήτης
35012	42	7	16	Ἐπεσκέψατο
35056	42	7	19	Σὺ
35078	42	7	20	Σὺ
35107	42	7	22	Πορευθέντες
35148	42	7	24	Τί
35184	42	7	26	ναί
35195	42	7	27	Ἰδοὺ
35230	42	7	29	καὶ
35240	42	7	29	θεόν
35257	42	7	30	ἑαυτούς
35286	42	7	32	Ηὐλήσαμεν
35308	42	7	33	Δαιμόνιον
35320	42	7	34	Ἰδοὺ
35419	42	7	39	Οὗτος
35436	42	7	40	καὶ
35450	42	7	40	Διδάσκαλε
35482	42	7	43	Ὑπολαμβάνω
35492	42	7	43	Ὀρθῶς
35502	42	7	44	Βλέπεις
35580	42	7	48	Ἀφέωνταί
35584	42	7	49	καὶ
35591	42	7	49	Τίς
35603	42	7	50	Ἡ
35687	42	8	5	Ἐξῆλθεν
35705	42	8	5	ὁδόν
35749	42	8	8	ἀγαθήν
35758	42	8	8	Ὁ
35777	42	8	10	Ὑμῖν
35804	42	8	11	Ὁ
35947	42	8	18	βλέπετε
35990	42	8	20	Ἡ
36008	42	8	21	Μήτηρ
36042	42	8	22	Διέλθωμεν
36070	42	8	24	Ἐπιστάτα
36092	42	8	25	Ποῦ
36102	42	8	25	Τίς
36169	42	8	28	Τί
36198	42	8	29	αὐτόν
36221	42	8	30	Τί
36228	42	8	30	Λεγιών
36246	42	8	32	Ἦν
36386	42	8	39	Ὑπόστρεφε
36472	42	8	43	καὶ
36512	42	8	45	Τίς
36522	42	8	45	Ἐπιστάτα
36533	42	8	46	Ἥψατό
36573	42	8	48	Θυγάτηρ
36592	42	8	49	Τέθνηκεν
36606	42	8	50	Μὴ
36647	42	8	52	Μὴ
36668	42	8	54	Ἡ
36729	42	9	3	Μηδὲν
36850	42	9	10	καὶ
36893	42	9	12	Ἀπόλυσον
36918	42	9	13	Δότε
36925	42	9	13	Οὐκ
36957	42	9	14	Κατακλίνατε
37023	42	9	18	Τίνα
37050	42	9	20	Ὑμεῖς
37060	42	9	20	Τὸν
37064	42	9	21	Ὁ
37074	42	9	22	Δεῖ
37101	42	9	23	Εἴ
37303	42	9	33	Ἐπιστάτα
37350	42	9	35	Οὗτός
37403	42	9	38	Διδάσκαλε
37419	42	9	39	αὐτόν
37451	42	9	41	Ὦ
37517	42	9	44	Θέσθε
37588	42	9	48	Ὃς
37623	42	9	49	Ἐπιστάτα
37634	42	9	49	αὐτὸν
37646	42	9	50	Μὴ
37676	42	9	52	καὶ
37711	42	9	54	Κύριε
37741	42	9	57	Ἀκολουθήσω
37751	42	9	58	Αἱ
37772	42	9	59	εἶπεν
37776	42	9	59	Ἀκολούθει
37781	42	9	59	Κύριε
37793	42	9	60	Ἄφες
37808	42	9	61	εἶπεν
37812	42	9	61	Ἀκολουθήσω
37831	42	9	62	Οὐδεὶς
37875	42	10	2	ἔλεγεν
37879	42	10	2	Ὁ
37930	42	10	5	Εἰρήνη
38000	42	10	9	Ἤγγικεν
38023	42	10	11	Καὶ
38137	42	10	17	Κύριε
38150	42	10	18	Ἐθεώρουν
38152	42	10	18	Σατανᾶν
38215	42	10	21	Ἐξομολογοῦμαί
38235	42	10	21	ναί
38286	42	10	23	Μακάριοι
38324	42	10	25	Διδάσκαλε
38335	42	10	26	Ἐν
38346	42	10	27	Ἀγαπήσεις
38383	42	10	28	Ὀρθῶς
38389	42	10	29	Ὁ
38398	42	10	29	Καὶ
38403	42	10	30	ὑπολαβὼν
38407	42	10	30	Ἄνθρωπός
38499	42	10	35	Ἐπιμελήθητι
38529	42	10	37	Ὁ
38540	42	10	37	Πορεύου
38561	42	10	38	αὐτὸν
38590	42	10	40	Κύριε
38654	42	11	1	Κύριε
38668	42	11	2	Ὅταν
38713	42	11	5	Τίς
38726	42	11	5	Φίλε
38749	42	11	7	Μή
38885	42	11	14	κωφός
38895	42	11	15	Ἐν
38921	42	11	17	Πᾶσα
38936	42	11	18	Σατανᾶς
39023	42	11	23	ὁ
39057	42	11	24	Ὑποστρέψω
39078	42	11	26	ἑπτά
39109	42	11	27	Μακαρία
39122	42	11	28	Μενοῦν
39138	42	11	29	Ἡ
39248	42	11	34	ὁ
39343	42	11	39	Νῦν
39384	42	11	42	Ἀλλʼ
39415	42	11	43	οὐαὶ
39432	42	11	44	οὐαὶ
39456	42	11	45	Διδάσκαλε
39465	42	11	46	Καὶ
39486	42	11	47	οὐαὶ
39514	42	11	48	αὐτοὺς
39526	42	11	49	Ἀποστελῶ
39568	42	11	51	ναί
39576	42	11	52	οὐαὶ
39634	42	12	1	Προσέχετε
39644	42	12	2	οὐδὲν
39717	42	12	5	ναί
39790	42	12	10	καὶ
39811	42	12	11	ὅταν
39853	42	12	13	Διδάσκαλε
39867	42	12	14	Ἄνθρωπε
39876	42	12	15	εἶπεν
39880	42	12	15	Ὁρᾶτε
39900	42	12	16	εἶπεν
39906	42	12	16	Ἀνθρώπου
39917	42	12	17	Τί
39929	42	12	18	Τοῦτο
39953	42	12	19	Ψυχή
39970	42	12	20	Ἄφρων
40000	42	12	22	Διὰ
40169	42	12	33	πωλήσατε
40272	42	12	39	Τοῦτο
40310	42	12	41	Κύριε
40325	42	12	42	Τίς
40380	42	12	45	Χρονίζει
40427	42	12	47	ἐκεῖνος
40452	42	12	48	γνοὺς
40560	42	12	54	Ὅταν
40570	42	12	54	Ὄμβρος
40581	42	12	55	Καύσων
40686	42	13	2	Δοκεῖτε
40752	42	13	6	Συκῆν
40774	42	13	7	Ἰδοὺ
40802	42	13	8	Κύριε
40847	42	13	11	δεκαοκτώ
40867	42	13	12	Γύναι
40884	42	13	14	ἀποκριθεὶς
40899	42	13	14	Ἓξ
40924	42	13	15	Ὑποκριταί
40951	42	13	16	Σατανᾶς
40992	42	13	18	Τίνι
41033	42	13	20	Τίνι
41066	42	13	23	εἶπεν
41070	42	13	23	Κύριε
41080	42	13	24	Ἀγωνίζεσθε
41114	42	13	25	Κύριε
41121	42	13	25	Οὐκ
41129	42	13	26	Ἐφάγομεν
41144	42	13	27	Οὐκ
41224	42	13	31	Ἔξελθε
41236	42	13	32	Πορευθέντες
41241	42	13	32	Ἰδοὺ
41318	42	13	35	Εὐλογημένος
41345	42	14	2	καὶ
41364	42	14	3	Ἔξεστιν
41383	42	14	5	Τίνος
41420	42	14	8	Ὅταν
41447	42	14	9	Δὸς
41476	42	14	10	Φίλε
41505	42	14	12	Ὅταν
41568	42	14	15	Μακάριος
41577	42	14	16	ὁ
41581	42	14	16	Ἄνθρωπός
41588	42	14	16	πολλούς
41601	42	14	17	Ἔρχεσθε
41616	42	14	18	Ἀγρὸν
41632	42	14	19	Ζεύγη
41648	42	14	20	Γυναῖκα
41673	42	14	21	Ἔξελθε
41697	42	14	22	Κύριε
41712	42	14	23	Ἔξελθε
41750	42	14	26	Εἴ
41775	42	14	26	ἀδελφάς
41802	42	14	28	τίς
41836	42	14	30	Οὗτος
41845	42	14	31	ἢ
41954	42	15	2	Οὗτος
41960	42	15	3	εἶπεν
41968	42	15	4	Τίς
42017	42	15	6	Συγχάρητέ
42080	42	15	9	Συγχάρητέ
42104	42	15	11	Ἄνθρωπός
42116	42	15	12	Πάτερ
42143	42	15	13	μακράν
42204	42	15	17	Πόσοι
42225	42	15	18	Πάτερ
42253	42	15	20	ἔτι
42280	42	15	21	Πάτερ
42302	42	15	22	Ταχὺ
42382	42	15	27	Ὁ
42419	42	15	29	Ἰδοὺ
42463	42	15	31	Τέκνον
42499	42	16	1	Ἄνθρωπός
42520	42	16	2	Τί
42542	42	16	3	Τί
42585	42	16	5	Πόσον
42593	42	16	6	Ἑκατὸν
42600	42	16	6	Δέξαι
42612	42	16	7	Σὺ
42619	42	16	7	Ἑκατὸν
42624	42	16	7	Δέξαι
42660	42	16	9	καὶ
42727	42	16	13	οὐδεὶς
42769	42	16	15	Ὑμεῖς
42812	42	16	17	Εὐκοπώτερον
42936	42	16	24	Πάτερ
42965	42	16	25	Τέκνον
43015	42	16	27	Ἐρωτῶ
43049	42	16	29	Ἔχουσιν
43059	42	16	30	Οὐχί
43074	42	16	31	Εἰ
43094	42	17	1	Ἀνένδεκτόν
43130	42	17	3	ἐὰν
43156	42	17	4	Μετανοῶ
43165	42	17	5	Πρόσθες
43172	42	17	6	Εἰ
43183	42	17	6	Ἐκριζώθητι
43209	42	17	7	Εὐθέως
43216	42	17	8	Ἑτοίμασον
43254	42	17	10	Δοῦλοι
43276	42	17	12	καὶ
43303	42	17	14	Πορευθέντες
43315	42	17	15	εἷς
43348	42	17	17	Οὐχὶ
43371	42	17	19	Ἀναστὰς
43393	42	17	20	Οὐκ
43403	42	17	21	Ἰδοὺ
43406	42	17	21	Ἐκεῖ
43421	42	17	22	Ἐλεύσονται
43439	42	17	23	Ἰδοὺ
43442	42	17	23	Ἰδοὺ
43513	42	17	27	κιβωτόν
43521	42	17	28	ὁμοίως
43644	42	17	37	Ποῦ
43650	42	17	37	Ὅπου
43672	42	18	2	Κριτής
43698	42	18	3	Ἐκδίκησόν
43715	42	18	4	Εἰ
43742	42	18	6	εἶπεν
43746	42	18	6	Ἀκούσατε
43836	42	18	11	Ὁ
43885	42	18	13	Ὁ
43934	42	18	16	Ἄφετε
43976	42	18	18	Διδάσκαλε
43988	42	18	19	Τί
44002	42	18	20	Μὴ
44004	42	18	20	Μὴ
44006	42	18	20	Μὴ
44008	42	18	20	Μὴ
44010	42	18	20	Τίμα
44020	42	18	21	Ταῦτα
44031	42	18	22	Ἔτι
44070	42	18	24	Πῶς
44098	42	18	26	Εἶπαν
44102	42	18	26	Καὶ
44109	42	18	27	Τὰ
44122	42	18	28	Ἰδοὺ
44133	42	18	29	Ἀμὴν
44179	42	18	31	Ἰδοὺ
44284	42	18	39	Υἱὲ
44302	42	18	41	Τί
44309	42	18	41	Κύριε
44317	42	18	42	Ἀνάβλεψον
44346	42	19	2	καὶ
44387	42	19	4	αὐτόν
44429	42	19	7	Παρὰ
44441	42	19	8	Ἰδοὺ
44465	42	19	9	Σήμερον
44514	42	19	12	Ἄνθρωπός
44539	42	19	13	Πραγματεύσασθε
44548	42	19	14	αὐτόν
44555	42	19	14	Οὐ
44561	42	19	15	καὶ
44590	42	19	16	Κύριε
44600	42	19	17	Εὖγε
44619	42	19	18	Ἡ
44630	42	19	19	Καὶ
44641	42	19	20	Κύριε
44669	42	19	22	Ἐκ
44713	42	19	24	Ἄρατε
44728	42	19	25	Κύριε
44794	42	19	30	Ὑπάγετε
44820	42	19	31	Διὰ
44826	42	19	31	Ὁ
44831	42	19	32	ἀπελθόντες
44850	42	19	33	Τί
44858	42	19	34	Ὁ
44898	42	19	37	Ὄρους
44900	42	19	37	Ἐλαιῶν
44919	42	19	38	Εὐλογημένος
44944	42	19	39	Διδάσκαλε
44952	42	19	40	Λέγω
44968	42	19	41	αὐτήν
44971	42	19	42	Εἰ
45044	42	19	46	Γέγραπται
45045	42	19	46	Καὶ
45123	42	20	2	Εἰπὸν
45144	42	20	3	Ἐρωτήσω
45151	42	20	4	Τὸ
45167	42	20	5	Ἐὰν
45169	42	20	5	Ἐξ
45172	42	20	5	Διὰ
45180	42	20	6	Ἐξ
45203	42	20	8	Οὐδὲ
45221	42	20	9	Ἄνθρωπος
45284	42	20	13	Τί
45304	42	20	14	Οὗτός
45344	42	20	16	Μὴ
45351	42	20	17	Τί
45357	42	20	17	Λίθον
45382	42	20	19	καὶ
45437	42	20	21	Διδάσκαλε
45463	42	20	23	κατανοήσας
45471	42	20	24	Δείξατέ
45488	42	20	25	Τοίνυν
45528	42	20	28	Διδάσκαλε
45605	42	20	34	Καὶ
45610	42	20	34	Οἱ
45655	42	20	37	νεκροὶ
45685	42	20	39	ἀποκριθέντες
45691	42	20	39	Διδάσκαλε
45704	42	20	41	Πῶς
45718	42	20	42	Εἶπεν
45723	42	20	42	Κάθου
45756	42	20	46	Προσέχετε
45818	42	21	3	Ἀληθῶς
45866	42	21	6	Ταῦτα
45885	42	21	7	Διδάσκαλε
45901	42	21	8	Βλέπετε
45912	42	21	8	Ἐγώ
45915	42	21	8	Ὁ
45940	42	21	10	τότε
45943	42	21	10	Ἐγερθήσεται
46231	42	21	29	Ἴδετε
46389	42	22	1	Πάσχα
46407	42	22	3	Σατανᾶς
46467	42	22	8	Πορευθέντες
46478	42	22	9	Ποῦ
46485	42	22	10	Ἰδοὺ
46511	42	22	11	Λέγει
46515	42	22	11	Ποῦ
46560	42	22	15	Ἐπιθυμίᾳ
46593	42	22	17	Λάβετε
46621	42	22	19	καὶ
46630	42	22	19	Τοῦτό
46653	42	22	20	Τοῦτο
46667	42	22	21	πλὴν
46729	42	22	25	Οἱ
46827	42	22	31	Σατανᾶς
46858	42	22	33	Κύριε
46873	42	22	34	Λέγω
46888	42	22	35	Ὅτε
46903	42	22	35	Οὐθενός
46907	42	22	36	Ἀλλὰ
46939	42	22	37	Καὶ
46953	42	22	38	Κύριε
46962	42	22	38	Ἱκανόν
46972	42	22	39	Ὄρος
46974	42	22	39	Ἐλαιῶν
46988	42	22	40	Προσεύχεσθε
47000	42	22	41	βολήν
47007	42	22	42	Πάτερ
47069	42	22	46	Τί
47091	42	22	47	αὐτούς
47109	42	22	49	ἰδόντες
47117	42	22	49	Κύριε
47144	42	22	51	Ἐᾶτε
47153	42	22	52	εἶπεν
47168	42	22	52	Ὡς
47245	42	22	56	Καὶ
47254	42	22	57	Οὐκ
47265	42	22	58	Καὶ
47274	42	22	58	Ἄνθρωπε
47286	42	22	59	Ἐπʼ
47301	42	22	60	Ἄνθρωπε
47332	42	22	61	Πρὶν
47358	42	22	64	Προφήτευσον
47392	42	22	67	Εἰ
47402	42	22	67	Ἐὰν
47433	42	22	70	Σὺ
47445	42	22	70	Ὑμεῖς
47453	42	22	71	Τί
47476	42	23	2	ἤρξαντο
47481	42	23	2	Τοῦτον
47504	42	23	3	Σὺ
47515	42	23	3	Σὺ
47527	42	23	4	Οὐδὲν
47539	42	23	5	Ἀνασείει
47584	42	23	8	ὁ
47689	42	23	14	Προσηνέγκατέ
47739	42	23	18	Αἶρε
47775	42	23	21	Σταύρου
47784	42	23	22	Τί
47812	42	23	24	καὶ
47878	42	23	28	Θυγατέρες
47900	42	23	29	Μακάριαι
47919	42	23	30	Πέσετε
47925	42	23	30	Καλύψατε
47949	42	23	33	καὶ
47976	42	23	34	Πάτερ
47991	42	23	35	καὶ
48002	42	23	35	Ἄλλους
48027	42	23	37	Εἰ
48042	42	23	38	Ὁ
48053	42	23	39	αὐτόν
48055	42	23	39	Οὐχὶ
48071	42	23	40	Οὐδὲ
48110	42	23	43	Ἀμήν
48153	42	23	46	Πάτερ
48175	42	23	47	Ὄντως
48197	42	23	49	εἱστήκεισαν
48203	42	23	49	απο
48281	42	23	55	κατακολουθήσασαι
48307	42	23	56	Καὶ
48315	42	24	1	τῇ
48378	42	24	5	Τί
48423	42	24	9	καὶ
48549	42	24	17	Τίνες
48569	42	24	18	Σὺ
48587	42	24	19	Ποῖα
48592	42	24	19	Τὰ
48704	42	24	25	καὶ
48709	42	24	25	Ὦ
48769	42	24	29	Μεῖνον
48821	42	24	32	Οὐχὶ
48840	42	24	33	καὶ
48847	42	24	33	Ἰερουσαλήμ
48894	42	24	36	Εἰρήνη
48907	42	24	38	Τί
48909	42	24	38	ἐστέ
48967	42	24	41	Ἔχετέ
48987	42	24	44	Οὗτοι
49057	42	24	47	Ἰερουσαλήμ
49113	42	24	52	καὶ
49227	43	1	9	ἦν
49231	43	1	9	ἀληθινὸν
49240	43	1	10	Ἐν
49328	43	1	15	Οὗτος
49332	43	1	15	Ὁ
49370	43	1	18	θεὸν
49406	43	1	19	Σὺ
49417	43	1	20	Ἐγὼ
49425	43	1	21	Τί
49432	43	1	21	Οὐκ
49434	43	1	21	Ὁ
49440	43	1	21	Οὔ
49444	43	1	22	Τίς
49457	43	1	23	Ἐγὼ
49463	43	1	23	Εὐθύνατε
49484	43	1	25	Τί
49503	43	1	26	Ἐγὼ
49549	43	1	29	αὐτόν
49552	43	1	29	Ἴδε
49569	43	1	30	Ὀπίσω
49597	43	1	32	καὶ
49602	43	1	32	Τεθέαμαι
49628	43	1	33	Ἐφʼ
49675	43	1	36	Ἴδε
49701	43	1	38	Τί
49707	43	1	38	Ῥαββί
49711	43	1	38	Διδάσκαλε
49716	43	1	39	Ἔρχεσθε
49736	43	1	40	ἦν
49764	43	1	41	Εὑρήκαμεν
49781	43	1	42	Σὺ
49808	43	1	43	Ἀκολούθει
49829	43	1	45	Ὃν
49850	43	1	46	Ἐκ
49860	43	1	46	Ἔρχου
49863	43	1	47	εἶδεν
49875	43	1	47	Ἴδε
49886	43	1	48	Πόθεν
49894	43	1	48	Πρὸ
49908	43	1	49	Ῥαββί
49925	43	1	50	Ὅτι
49941	43	1	51	Ἀμὴν
50002	43	2	3	Οἶνον
50010	43	2	4	Τί
50026	43	2	5	Ὅ
50054	43	2	7	Γεμίσατε
50066	43	2	8	Ἀντλήσατε
50105	43	2	10	Πᾶς
50124	43	2	11	ταύτην
50184	43	2	14	καὶ
50232	43	2	16	Ἄρατε
50251	43	2	17	Ὁ
50258	43	2	18	ἀπεκρίθησαν
50265	43	2	18	Τί
50277	43	2	19	Λύσατε
50291	43	2	20	Τεσσεράκοντα
50413	43	3	2	Ῥαββί
50442	43	3	3	Ἀμὴν
50458	43	3	4	λέγει
50463	43	3	4	Πῶς
50483	43	3	5	Ἀμὴν
50523	43	3	7	Δεῖ
50553	43	3	9	ἀπεκρίθη
50558	43	3	9	Πῶς
50567	43	3	10	Σὺ
50627	43	3	14	καὶ
50652	43	3	16	Οὕτως
50808	43	3	23	ἦν
50856	43	3	26	Ῥαββί
50875	43	3	27	ἀπεκρίθη
50879	43	3	27	Οὐ
50900	43	3	28	Οὐκ
50907	43	3	28	Ἀπεσταλμένος
51019	43	3	35	υἱόν
51087	43	4	4	ἔδει
51094	43	4	5	ἔρχεται
51146	43	4	7	Δός
51167	43	4	9	Πῶς
51188	43	4	10	Εἰ
51200	43	4	10	Δός
51213	43	4	11	λέγει
51217	43	4	11	Κύριε
51264	43	4	13	Πᾶς
51305	43	4	15	λέγει
51310	43	4	15	Κύριε
51323	43	4	16	Λέγει
51325	43	4	16	Ὕπαγε
51339	43	4	17	Οὐκ
51346	43	4	17	Καλῶς
51349	43	4	17	Ἄνδρα
51367	43	4	19	λέγει
51371	43	4	19	Κύριε
51401	43	4	21	Πίστευέ
51474	43	4	25	λέγει
51478	43	4	25	Οἶδα
51495	43	4	26	Ἐγώ
51516	43	4	27	Τί
51539	43	4	29	Δεῦτε
51569	43	4	31	Ῥαββί
51575	43	4	32	Ἐγὼ
51589	43	4	33	Μή
51598	43	4	34	Ἐμὸν
51617	43	4	35	Ἔτι
51667	43	4	37	Ἄλλος
51710	43	4	39	Εἶπέν
51745	43	4	42	Οὐκέτι
51826	43	4	46	καὶ
51868	43	4	48	Ἐὰν
51882	43	4	49	Κύριε
51893	43	4	50	Πορεύου
51898	43	4	50	ἐπίστευσεν
51939	43	4	52	Ἐχθὲς
51961	43	4	53	Ὁ
51973	43	4	54	τοῦτο
51999	43	5	2	ἔστιν
52011	43	5	2	Βηθζαθά
52052	43	5	6	Θέλεις
52059	43	5	7	Κύριε
52077	43	5	7	ἐγὼ
52086	43	5	8	Ἔγειρε
52119	43	5	10	Σάββατόν
52127	43	5	10	κράβαττον
52133	43	5	11	Ὁ
52140	43	5	11	Ἆρον
52148	43	5	12	Τίς
52155	43	5	12	Ἆρον
52186	43	5	14	Ἴδε
52224	43	5	17	ὁ
52229	43	5	17	Ὁ
52258	43	5	18	θεόν
52271	43	5	19	Ἀμὴν
52404	43	5	25	Ἀμὴν
52587	43	5	36	ἐγὼ
52654	43	5	39	Ἐραυνᾶτε
52681	43	5	41	δόξαν
52738	43	5	45	μὴ
52828	43	6	5	ἐπάρας
52845	43	6	5	Πόθεν
52866	43	6	7	Διακοσίων
52889	43	6	9	Ἔστιν
52909	43	6	10	Ποιήσατε
52953	43	6	12	Συναγάγετε
52978	43	6	14	οἱ
52987	43	6	14	Οὗτός
53081	43	6	20	Ἐγώ
53121	43	6	22	ἕν
53181	43	6	25	Καὶ
53189	43	6	25	Ῥαββί
53193	43	6	26	ἀπεκρίθη
53199	43	6	26	Ἀμὴν
53249	43	6	28	Τί
53263	43	6	29	Τοῦτό
53275	43	6	30	εἶπον
53278	43	6	30	Τί
53302	43	6	31	Ἄρτον
53314	43	6	32	Ἀμὴν
53360	43	6	34	Κύριε
53367	43	6	35	Εἶπεν
53371	43	6	35	Ἐγώ
53393	43	6	36	ἀλλʼ
53415	43	6	37	πρός
53500	43	6	41	Ἐγώ
53511	43	6	42	Οὐχ
53530	43	6	42	Ἐκ
53539	43	6	43	Μὴ
53569	43	6	45	Καὶ
53602	43	6	47	ἀμὴν
53611	43	6	48	ἐγώ
53690	43	6	52	Πῶς
53704	43	6	53	Ἀμὴν
53819	43	6	59	ταῦτα
53834	43	6	60	Σκληρός
53858	43	6	61	Τοῦτο
53921	43	6	65	Διὰ
53961	43	6	67	Μὴ
53970	43	6	68	Κύριε
53994	43	6	70	Οὐκ
54043	43	7	2	ἦν
54059	43	7	3	Μετάβηθι
54109	43	7	6	Ὁ
54198	43	7	11	Ποῦ
54214	43	7	12	Ἀγαθός
54219	43	7	12	Οὔ
54252	43	7	15	Πῶς
54265	43	7	16	Ἡ
54342	43	7	20	Δαιμόνιον
54353	43	7	21	Ἓν
54417	43	7	25	Οὐχ
54465	43	7	28	Κἀμὲ
54496	43	7	30	ἐζήτουν
54513	43	7	31	ἐκ
54520	43	7	31	αὐτόν
54523	43	7	31	Ὁ
54534	43	7	32	Ἤκουσαν
54554	43	7	33	εἶπεν
54558	43	7	33	Ἔτι
54590	43	7	35	Ποῦ
54618	43	7	36	Ζητήσετέ
54647	43	7	37	Ἐάν
54701	43	7	40	Οὗτός
54708	43	7	41	Οὗτός
54715	43	7	41	Μὴ
54778	43	7	45	Διὰ
54786	43	7	46	Οὐδέποτε
54795	43	7	47	Μὴ
54836	43	7	51	Μὴ
54857	43	7	52	Μὴ
54886	43	8	1	Ὄρος
54888	43	8	1	Ἐλαιῶν
54907	43	8	3	ἄγουσιν
54925	43	8	4	Διδάσκαλε
54976	43	8	7	Ὁ
55017	43	8	10	Γύναι
55026	43	8	11	Οὐδείς
55032	43	8	11	Οὐδὲ
55037	43	8	11	[καὶ]
55050	43	8	12	Ἐγώ
55071	43	8	13	εἶπον
55076	43	8	13	Σὺ
55091	43	8	14	Κἂν
55180	43	8	19	Ποῦ
55187	43	8	19	Οὔτε
55203	43	8	20	ταῦτα
55228	43	8	21	Ἐγὼ
55250	43	8	22	Μήτι
55252	43	8	22	ἑαυτὸν
55255	43	8	22	Ὅπου
55265	43	8	23	Ὑμεῖς
55309	43	8	25	ἔλεγον
55312	43	8	25	Σὺ
55319	43	8	25	Τὴν
55361	43	8	28	Ὅταν
55403	43	8	30	ταῦτα
55419	43	8	31	Ἐὰν
55443	43	8	33	Σπέρμα
55454	43	8	33	Ἐλεύθεροι
55456	43	8	34	Ἀπεκρίθη
55460	43	8	34	Ἀμὴν
55500	43	8	37	οἶδα
55538	43	8	39	Ὁ
55547	43	8	39	Εἰ
55584	43	8	41	εἶπαν
55587	43	8	41	Ἡμεῖς
55601	43	8	42	Εἰ
55742	43	8	48	Οὐ
55755	43	8	49	Ἐγὼ
55797	43	8	52	εἶπον
55802	43	8	52	Νῦν
55815	43	8	52	Ἐάν
55847	43	8	54	Ἐὰν
55917	43	8	57	Πεντήκοντα
55927	43	8	58	Ἀμὴν
55936	43	8	59	ἦραν
55965	43	9	2	Ῥαββί
55978	43	9	3	Οὔτε
56020	43	9	6	ταῦτα
56037	43	9	6	ὀφθαλμούς
56041	43	9	7	Ὕπαγε
56050	43	9	7	Ἀπεσταλμένος
56058	43	9	8	οἱ
56071	43	9	8	Οὐχ
56081	43	9	9	Οὗτός
56085	43	9	9	Οὐχί
56093	43	9	9	Ἐγώ
56098	43	9	10	Πῶς
56106	43	9	11	Ὁ
56122	43	9	11	Ὕπαγε
56136	43	9	12	Ποῦ
56140	43	9	12	Οὐκ
56179	43	9	15	Πηλὸν
56184	43	9	15	ὀφθαλμούς
56195	43	9	16	Οὐκ
56210	43	9	16	Πῶς
56227	43	9	17	Τί
56241	43	9	17	Προφήτης
56267	43	9	19	Οὗτός
56289	43	9	20	Οἴδαμεν
56352	43	9	23	Ἡλικίαν
56368	43	9	24	Δὸς
56383	43	9	25	Εἰ
56398	43	9	26	Τί
56408	43	9	27	Εἶπον
56430	43	9	28	Σὺ
56459	43	9	30	Ἐν
56520	43	9	34	Ἐν
56543	43	9	35	Σὺ
56554	43	9	36	Καὶ
56566	43	9	37	Καὶ
56579	43	9	38	Πιστεύω
56584	43	9	39	καὶ
56588	43	9	39	Εἰς
56618	43	9	40	Μὴ
56627	43	9	41	Εἰ
56638	43	9	41	Βλέπομεν
56731	43	10	6	ταύτην
56752	43	10	7	Ἀμὴν
56871	43	10	14	ἐγώ
56876	43	10	14	καλός
56929	43	10	17	διὰ
56989	43	10	20	Δαιμόνιον
56998	43	10	21	Ταῦτα
57039	43	10	24	Ἕως
57057	43	10	25	Εἶπον
57099	43	10	27	αὐτά
57160	43	10	32	Πολλὰ
57178	43	10	33	Περὶ
57199	43	10	34	Οὐκ
57207	43	10	34	Ἐγὼ
57209	43	10	34	Θεοί
57240	43	10	36	Βλασφημεῖς
57243	43	10	36	Υἱὸς
57281	43	10	39	ἐζήτουν
57382	43	11	3	Κύριε
57392	43	11	4	Αὕτη
57426	43	11	6	ὡς
57446	43	11	7	Ἄγωμεν
57455	43	11	8	Ῥαββί
57468	43	11	9	Οὐχὶ
57504	43	11	11	ταῦτα
57526	43	11	12	Κύριε
57579	43	11	16	Ἄγωμεν
57627	43	11	20	ἡ
57650	43	11	21	Κύριε
57678	43	11	23	Ἀναστήσεται
57686	43	11	24	Οἶδα
57700	43	11	25	Ἐγώ
57732	43	11	27	Ναί
57762	43	11	28	Ὁ
57829	43	11	32	ἡ
57846	43	11	32	Κύριε
57873	43	11	33	ἑαυτόν
57876	43	11	34	Ποῦ
57881	43	11	34	Κύριε
57892	43	11	36	Ἴδε
57901	43	11	37	Οὐκ
57937	43	11	39	Ἄρατε
57947	43	11	39	Κύριε
57957	43	11	40	Οὐκ
57981	43	11	41	Πάτερ
58036	43	11	44	Λύσατε
58073	43	11	47	συνήγαγον
58083	43	11	47	Τί
58126	43	11	49	Ὑμεῖς
58255	43	11	56	Τί
58321	43	12	3	ἡ
58352	43	12	4	λέγει
58366	43	12	5	Διὰ
58403	43	12	7	Ἄφες
58504	43	12	13	Ὡσαννά
58527	43	12	15	Μὴ
58564	43	12	17	ἐμαρτύρει
58604	43	12	19	Θεωρεῖτε
58640	43	12	21	Κύριε
58660	43	12	23	ὁ
58666	43	12	23	Ἐλήλυθεν
58780	43	12	28	Καὶ
58797	43	12	29	Ἄγγελος
58804	43	12	30	Οὐ
58846	43	12	34	ἀπεκρίθη
58851	43	12	34	Ἡμεῖς
58886	43	12	35	Ἔτι
58926	43	12	36	Ταῦτα
58934	43	12	37	τοσαῦτα
58954	43	12	38	Κύριε
58975	43	12	40	Τετύφλωκεν
59047	43	12	44	Ὁ
59209	43	13	2	καὶ
59278	43	13	6	ἔρχεται
59285	43	13	6	Κύριε
59296	43	13	7	Ὃ
59310	43	13	8	Οὐ
59322	43	13	8	Ἐὰν
59335	43	13	9	Κύριε
59352	43	13	10	Ὁ
59382	43	13	11	Οὐχὶ
59402	43	13	12	Γινώσκετε
59409	43	13	13	Ὁ
59411	43	13	13	καὶ
59412	43	13	13	Ὁ
59475	43	13	18	οὐ
59489	43	13	18	Ὁ
59544	43	13	21	Ἀμὴν
59602	43	13	25	Κύριε
59608	43	13	26	Ἐκεῖνός
59637	43	13	27	Σατανᾶς
59643	43	13	27	Ὃ
59670	43	13	29	Ἀγόρασον
59698	43	13	31	Νῦν
59741	43	13	33	Ὅπου
59752	43	13	34	ἐντολὴν
59784	43	13	36	Κύριε
59790	43	13	36	Ὅπου
59804	43	13	37	Κύριε
59820	43	13	38	Τὴν
59847	43	14	1	θεόν
59900	43	14	5	λέγει
59903	43	14	5	Κύριε
59917	43	14	6	Ἐγώ
59955	43	14	8	Κύριε
59967	43	14	9	Τοσούτῳ
59986	43	14	9	Δεῖξον
60043	43	14	12	ἀμὴν
60220	43	14	22	λέγει
60226	43	14	22	Κύριε
60244	43	14	23	Ἐάν
60257	43	14	23	αὐτόν
60322	43	14	27	εἰρήνην
60350	43	14	28	Ὑπάγω
60359	43	14	28	ἄν
60381	43	14	30	οὐκέτι
60409	43	14	31	ἐνετείλατο
60412	43	14	31	πατὴρ
60415	43	14	31	Ἐγείρεσθε
60423	43	15	1	ἀληθινή
60570	43	15	9	καθὼς
60608	43	15	11	ταῦτα
60629	43	15	12	ἐμὴ
60724	43	15	17	ταῦτα
60779	43	15	20	Οὐκ
60817	43	15	22	εἰ
60881	43	15	25	Ἐμίσησάν
60990	43	16	5	Ποῦ
61031	43	16	8	καὶ
61161	43	16	17	Τί
61167	43	16	17	Μικρὸν
61179	43	16	17	Ὅτι
61186	43	16	18	Τί
61197	43	16	19	ἔγνω
61207	43	16	19	Περὶ
61214	43	16	19	Μικρὸν
61300	43	16	23	καὶ
61422	43	16	29	Ἴδε
61454	43	16	31	Ἄρτι
61480	43	16	33	ταῦτα
61511	43	17	1	Πάτερ
61646	43	17	9	ἐγὼ
61930	43	17	24	πάτερ
61948	43	17	24	ἐμὴν
61958	43	17	25	Πάτερ
62074	43	18	4	Τίνα
62083	43	18	5	Ἐγώ
62098	43	18	6	Ἐγώ
62107	43	18	7	πάλιν
62111	43	18	7	Τίνα
62121	43	18	8	Εἶπον
62140	43	18	9	Οὓς
62180	43	18	11	Βάλε
62305	43	18	17	Μὴ
62317	43	18	17	Οὐκ
62361	43	18	20	Ἐγὼ
62413	43	18	22	Οὕτως
62420	43	18	23	Εἰ
62453	43	18	25	Μὴ
62465	43	18	25	Οὐκ
62481	43	18	26	Οὐκ
62525	43	18	29	ἐξῆλθεν
62534	43	18	29	Τίνα
62545	43	18	30	Εἰ
62561	43	18	31	Λάβετε
62575	43	18	31	Ἡμῖν
62608	43	18	33	Σὺ
62616	43	18	34	Ἀπὸ
62630	43	18	35	Μήτι
62648	43	18	36	Ἡ
62673	43	18	36	ἄν
62693	43	18	37	Οὐκοῦν
62700	43	18	37	Σὺ
62734	43	18	38	Τί
62748	43	18	38	Ἐγὼ
62777	43	18	40	Μὴ
62811	43	19	2	αὐτόν
62818	43	19	3	Χαῖρε
62827	43	19	4	καὶ
62836	43	19	4	Ἴδε
62865	43	19	5	Ἰδοὺ
62868	43	19	6	ὅτε
62879	43	19	6	Σταύρωσον
62885	43	19	6	Λάβετε
62901	43	19	7	Ἡμεῖς
62935	43	19	9	Πόθεν
62950	43	19	10	Ἐμοὶ
62968	43	19	11	Οὐκ
62989	43	19	12	ἐκ
63001	43	19	12	Ἐὰν
63017	43	19	13	Ὁ
63052	43	19	14	Ἴδε
63059	43	19	15	Ἆρον
63067	43	19	15	Τὸν
63074	43	19	15	Οὐκ
63080	43	19	16	τότε
63175	43	19	21	Μὴ
63177	43	19	21	Ὁ
63185	43	19	21	Βασιλεὺς
63192	43	19	22	Ὃ
63195	43	19	23	οἱ
63231	43	19	24	Μὴ
63246	43	19	24	Διεμερίσαντο
63302	43	19	26	Γύναι
63311	43	19	27	Ἴδε
63339	43	19	28	γραφὴ
63341	43	19	28	Διψῶ
63365	43	19	30	Τετέλεσται
63482	43	19	36	Ὀστοῦν
63491	43	19	37	Ὄψονται
63584	43	19	41	καινόν
63649	43	20	2	Ἦραν
63661	43	20	3	ἐξῆλθεν
63668	43	20	3	μαθητής
63815	43	20	13	Γύναι
63821	43	20	13	Ἦραν
63831	43	20	14	ταῦτα
63851	43	20	15	Γύναι
63864	43	20	15	Κύριε
63886	43	20	16	Ραββουνι
63889	43	20	16	Διδάσκαλε
63893	43	20	17	Μή
63911	43	20	17	Ἀναβαίνω
63925	43	20	18	ἔρχεται
63933	43	20	18	Ἑώρακα
63973	43	20	19	Εἰρήνη
63998	43	20	21	Εἰρήνη
64015	43	20	22	Λάβετε
64051	43	20	25	Ἑωράκαμεν
64058	43	20	25	Ἐὰν
64118	43	20	26	Εἰρήνη
64124	43	20	27	Φέρε
64156	43	20	28	Ὁ
64167	43	20	29	Ὅτι
64269	43	21	3	Ὑπάγω
64273	43	21	3	Ἐρχόμεθα
64313	43	21	5	Παιδία
64320	43	21	5	Οὔ
64325	43	21	6	Βάλετε
64359	43	21	7	Ὁ
64424	43	21	10	Ἐνέγκατε
64455	43	21	12	λέγει
64459	43	21	12	Δεῦτε
64468	43	21	12	Σὺ
64516	43	21	15	Ναί
64525	43	21	15	Βόσκε
64539	43	21	16	Ναί
64548	43	21	16	Ποίμαινε
64568	43	21	17	Φιλεῖς
64573	43	21	17	Κύριε
64586	43	21	17	Βόσκε
64590	43	21	18	ἀμὴν
64633	43	21	19	Ἀκολούθει
64658	43	21	20	Κύριε
64672	43	21	21	Κύριε
64680	43	21	22	Ἐὰν
64716	43	21	23	Ἐὰν
64745	43	21	25	ἔστιν
64797	44	1	3	οἷς
64862	44	1	6	Κύριε
64877	44	1	7	Οὐχ
64920	44	1	9	καὶ
64955	44	1	11	Ἄνδρες
65074	44	1	16	Ἄνδρες
65109	44	1	18	Οὗτος
65148	44	1	19	Χωρίον
65149	44	1	19	Αἵματος
65155	44	1	20	Γενηθήτω
65168	44	1	20	Τὴν
65212	44	1	23	καὶ
65227	44	1	24	Σὺ
65312	44	2	3	πυρός
65374	44	2	7	Οὐχ
65455	44	2	12	Τί
65464	44	2	13	Γλεύκους
65481	44	2	14	Ἄνδρες
65519	44	2	17	Καὶ
65695	44	2	25	Προορώμην
65811	44	2	31	χριστοῦ
65839	44	2	33	ὑψωθεὶς
65850	44	2	33	πατρὸς
65869	44	2	34	Εἶπεν
65875	44	2	34	Κάθου
65924	44	2	37	Τί
65932	44	2	38	Μετανοήσατε
65968	44	2	39	μακρὰν
65985	44	2	40	Σώθητε
66009	44	2	42	ἦσαν
66026	44	2	43	Ἐγίνετο
66051	44	2	44	κοινά
66164	44	3	3	ἱερὸν
66177	44	3	4	Βλέψον
66192	44	3	6	Ἀργύριον
66274	44	3	10	Ὡραίᾳ
66275	44	3	10	Πύλῃ
66316	44	3	12	Ἄνδρες
66442	44	3	18	θεὸς
66507	44	3	22	Προφήτην
66581	44	3	25	Καὶ
66719	44	4	7	Ἐν
66729	44	4	8	τότε
66737	44	4	8	Ἄρχοντες
66875	44	4	16	Τί
66892	44	4	16	φανερόν
66905	44	4	17	λαόν
66916	44	4	18	καὶ
66940	44	4	19	Εἰ
67028	44	4	24	Δέσποτα
67057	44	4	25	Ἱνατί
67117	44	4	28	βουλὴ
67305	44	5	1	σαπφίρῃ
67339	44	5	3	Σατανᾶς
67429	44	5	8	Εἰπέ
67439	44	5	8	Ναί
67446	44	5	9	Τί
67483	44	5	10	νεκράν
67525	44	5	12	Στοᾷ
67581	44	5	16	Ἰερουσαλήμ
67621	44	5	19	ἄγγελος
67635	44	5	20	Πορεύεσθε
67678	44	5	21	Ἰσραήλ
67701	44	5	23	Τὸ
67747	44	5	25	Ἰδοὺ
67764	44	5	26	τότε
67772	44	5	26	αὐτούς
67779	44	5	26	λαόν
67795	44	5	28	Οὐ
67796	44	5	28	Παραγγελίᾳ
67823	44	5	29	ἀποκριθεὶς
67830	44	5	29	Πειθαρχεῖν
67918	44	5	35	Ἄνδρες
68039	44	5	41	οἱ
68105	44	6	2	Οὐκ
68123	44	6	3	ἑπτὰ
68262	44	6	11	Ἀκηκόαμεν
68296	44	6	13	Ὁ
68354	44	7	1	Εἰ
68384	44	7	2	Χαρράν
68389	44	7	3	Ἔξελθε
68443	44	7	5	ποδός
68723	44	7	20	ἐν
68834	44	7	26	Ἄνδρες
68848	44	7	27	Τίς
68915	44	7	32	Ἐγὼ
68940	44	7	33	Λῦσον
68987	44	7	35	Τίς
69022	44	7	36	Ἐρυθρᾷ
69023	44	7	36	Θαλάσσῃ
69039	44	7	37	Προφήτην
69101	44	7	40	Ποίησον
69159	44	7	42	Μὴ
69177	44	7	43	Μολὸχ
69260	44	7	47	Σολομῶν
69276	44	7	49	Ὁ
69394	44	7	56	Ἰδοὺ
69421	44	7	57	αὐτόν
69448	44	7	59	Κύριε
69461	44	7	60	Κύριε
69554	44	8	5	χριστόν
69628	44	8	10	Οὗτός
69631	44	8	10	Δύναμις
69636	44	8	10	Μεγάλη
69740	44	8	17	αὐτούς
69745	44	8	18	ἰδὼν
69764	44	8	19	Δότε
69783	44	8	20	Τὸ
69855	44	8	24	Δεήθητε
69895	44	8	26	Ἀνάστηθι
69956	44	8	29	Πρόσελθε
69974	44	8	30	Ἆρά
69982	44	8	31	Πῶς
70008	44	8	32	Ὡς
70027	44	8	33	ἐν
70055	44	8	34	Δέομαί
70100	44	8	36	Ἰδοὺ
70207	44	9	3	ἐν
70240	44	9	5	Τίς
70245	44	9	5	Ἐγώ
70331	44	9	10	Ἰδοὺ
70339	44	9	11	Ἀναστὰς
70376	44	9	13	Κύριε
70412	44	9	15	Πορεύου
70444	44	9	17	ἀπῆλθεν
70529	44	9	21	Οὐχ
70625	44	9	26	αὐτόν
70849	44	9	38	Μὴ
70943	44	9	43	ἐγένετο
71016	44	10	4	Τί
71022	44	10	4	Αἱ
71154	44	10	13	Ἀναστάς
71163	44	10	14	Μηδαμῶς
71179	44	10	15	Ἃ
71190	44	10	16	τρίς
71240	44	10	19	τοῦ
71251	44	10	19	Ἰδοὺ
71276	44	10	21	Ἰδοὺ
71297	44	10	22	θεὸν
71362	44	10	25	ὡς
71384	44	10	26	Ἀνάστηθι
71402	44	10	28	Ὑμεῖς
71434	44	10	30	Καὶ
71438	44	10	30	Ἀπὸ
71527	44	10	34	Ἐπʼ
71759	44	10	47	Μήτι
71814	44	11	2	ὅτε
71828	44	11	3	Εἰσῆλθες
71836	44	11	4	ἀρξάμενος
71843	44	11	5	Ἐγὼ
71897	44	11	7	Ἀναστάς
71904	44	11	8	Μηδαμῶς
71924	44	11	9	Ἃ
71943	44	11	11	καὶ
71999	44	11	13	Ἀπόστειλον
72084	44	11	18	ἀκούσαντες
72093	44	11	18	Ἄρα
72130	44	11	20	ἦσαν
72147	44	11	20	Ἑλληνιστάς
72167	44	11	22	ἠκούσθη
72224	44	11	25	ἐξῆλθεν
72345	44	12	3	ἰδὼν
72367	44	12	4	φυλακήν
72422	44	12	6	δυσίν
72451	44	12	7	Ἀνάστα
72468	44	12	8	Ζῶσαι
72480	44	12	8	Περιβαλοῦ
72538	44	12	11	καὶ
72545	44	12	11	Νῦν
72569	44	12	12	Συνιδών
72628	44	12	15	Μαίνῃ
72637	44	12	15	Ὁ
72670	44	12	17	Ἀπαγγείλατε
72703	44	12	19	εὑρὼν
72727	44	12	20	αὐτόν
72768	44	12	22	Θεοῦ
72845	44	13	2	λειτουργούντων
72857	44	13	2	Ἀφορίσατε
72915	44	13	6	διελθόντες
72982	44	13	10	Ὦ
73009	44	13	11	σέ
73019	44	13	11	παραχρῆμα
73065	44	13	14	αὐτοὶ
73101	44	13	15	Ἄνδρες
73114	44	13	16	ἀναστὰς
73122	44	13	16	Ἄνδρες
73158	44	13	18	καί
73223	44	13	22	Εὗρον
73272	44	13	25	Τί
73381	44	13	31	εἰσὶν
73387	44	13	32	καὶ
73416	44	13	33	Υἱός
73438	44	13	34	Δώσω
73450	44	13	35	Οὐ
73523	44	13	41	Ἴδετε
73624	44	13	46	Ὑμῖν
73655	44	13	47	Τέθεικά
73669	44	13	48	ἀκούοντα
73898	44	14	10	Ἀνάστηθι
73921	44	14	11	Οἱ
73966	44	14	14	ἀκούσαντες
73984	44	14	15	Ἄνδρες
74095	44	14	20	καὶ
74104	44	14	21	Εὐαγγελισάμενοί
74160	44	14	24	καὶ
74231	44	15	1	Ἐὰν
74254	44	15	2	αὐτοὺς
74276	44	15	3	οἱ
74304	44	15	4	Ἱερουσαλὴμ
74323	44	15	5	ἐξανέστησαν
74356	44	15	7	πολλῆς
74365	44	15	7	Ἄνδρες
74424	44	15	10	θεόν
74477	44	15	13	μετὰ
74485	44	15	13	Ἄνδρες
74512	44	15	16	Μετὰ
74664	44	15	24	ἐπειδὴ
74753	44	15	29	ἔρρωσθε
74829	44	15	36	Ἐπιστρέψαντες
74976	44	16	4	ὡς
74996	44	16	5	αἱ
75051	44	16	9	καὶ
75069	44	16	9	Διαβὰς
75104	44	16	11	Πόλιν
75116	44	16	12	ἦμεν
75179	44	16	15	Εἰ
75225	44	16	17	Οὗτοι
75253	44	16	18	Παραγγέλλω
75267	44	16	19	ἰδόντες
75298	44	16	20	Οὗτοι
75341	44	16	23	φυλακήν
75433	44	16	28	Μηδὲν
75459	44	16	30	Κύριοι
75469	44	16	31	Πίστευσον
75539	44	16	35	Ἀπόλυσον
75554	44	16	36	Ἀπέσταλκαν
75571	44	16	37	Δείραντες
75611	44	16	39	αὐτούς
75685	44	17	3	χριστός
75709	44	17	4	πολὺ
75716	44	17	5	ζηλώσαντες
75757	44	17	6	Οἱ
75864	44	17	13	ὡς
75991	44	17	18	Τί
76000	44	17	18	Ξένων
76018	44	17	19	Πάγον
76021	44	17	19	Δυνάμεθα
76073	44	17	22	Πάγου
76075	44	17	22	Ἄνδρες
76168	44	17	27	θεὸν
76201	44	17	28	Τοῦ
76236	44	17	30	θεὸς
76277	44	17	32	Ἀκουσόμεθά
76365	44	18	4	διελέγετο
76413	44	18	6	Τὸ
76421	44	18	6	ἐγώ
76469	44	18	9	εἶπεν
76479	44	18	9	Μὴ
76507	44	18	11	ἐκάθισεν
76540	44	18	13	Παρὰ
76563	44	18	14	Εἰ
76678	44	18	21	Πάλιν
76701	44	18	23	καὶ
76840	44	19	1	μαθητάς
76845	44	19	2	Εἰ
76854	44	19	2	Ἀλλʼ
76863	44	19	3	Εἰς
76870	44	19	3	Εἰς
76966	44	19	9	μαθητάς
77032	44	19	13	ἐπεχείρησαν
77054	44	19	13	Ὁρκίζω
77079	44	19	15	Τὸν
77103	44	19	16	πονηρὸν
77136	44	19	17	αὐτούς
77144	44	19	18	πολλοί
77177	44	19	20	οὕτως
77207	44	19	21	Μετὰ
77271	44	19	25	Ἄνδρες
77356	44	19	28	Μεγάλη
77463	44	19	34	Μεγάλη
77467	44	19	35	καταστείλας
77474	44	19	35	Ἄνδρες
77647	44	20	4	Τυχικὸς
77753	44	20	10	Μὴ
77787	44	20	13	ἡμεῖς
77887	44	20	18	Ὑμεῖς
77955	44	20	22	καὶ
77964	44	20	22	Ἰερουσαλήμ
78135	44	20	32	καὶ
78201	44	20	35	Μακάριόν
78365	44	21	7	ἡμεῖς
78402	44	21	8	ἑπτὰ
78413	44	21	10	ἐπιμενόντων
78443	44	21	11	Τάδε
78449	44	21	11	Τὸν
78487	44	21	13	Τί
78519	44	21	14	Τοῦ
78561	44	21	18	τῇ
78594	44	21	20	οἱ
78599	44	21	20	θεόν
78603	44	21	20	Θεωρεῖς
78714	44	21	26	τότε
78725	44	21	26	ἁγνισθεὶς
78729	44	21	26	ἱερόν
78774	44	21	28	Ἄνδρες
78853	44	21	31	ζητούντων
78955	44	21	36	Αἶρε
78968	44	21	37	Εἰ
79006	44	21	39	Ἐγὼ
79061	44	22	2	Ἀκούσαντες
79074	44	22	3	Ἐγώ
79092	44	22	3	Γαμαλιήλ
79192	44	22	8	Τίς
79197	44	22	8	πρὸς
79199	44	22	8	Ἐγώ
79226	44	22	10	Τί
79235	44	22	10	Ἀναστὰς
79238	44	22	10	Δαμασκόν
79281	44	22	13	πρὸς
79300	44	22	14	Ὁ
79369	44	22	18	Σπεῦσον
79385	44	22	19	Κύριε
79427	44	22	21	Πορεύου
79448	44	22	22	Αἶρε
79505	44	22	25	Εἰ
79522	44	22	26	Τί
79537	44	22	27	Λέγε
79545	44	22	27	Ναί
79550	44	22	28	Ἐγὼ
79561	44	22	28	Ἐγὼ
79594	44	22	30	ἀσφαλὲς
79602	44	22	30	αὐτόν
79619	44	23	1	ἀτενίσας
79626	44	23	1	Ἄνδρες
79657	44	23	3	Τύπτειν
79681	44	23	4	Τὸν
79690	44	23	5	Οὐκ
79699	44	23	5	Ἄρχοντα
79724	44	23	6	Ἄνδρες
79727	44	23	6	Φαρισαῖος
79783	44	23	9	Οὐδὲν
79797	44	23	10	πολλῆς
79833	44	23	11	Θάρσει
79841	44	23	11	Ἰερουσαλὴμ
79885	44	23	14	Ἀναθέματι
79953	44	23	17	Τὸν
79976	44	23	18	Ὁ
79987	44	23	18	σέ
80004	44	23	19	Τί
80013	44	23	20	Οἱ
80080	44	23	22	πρὸς
80083	44	23	23	προσκαλεσάμενός
80085	44	23	23	τινας
80089	44	23	23	Ἑτοιμάσατε
80132	44	23	27	τὸν
80194	44	23	30	σέ
80258	44	23	34	ἐστὶν
80264	44	23	35	Διακούσομαί
80311	44	24	2	Πολλῆς
80413	44	24	10	Ἐκ
80507	44	24	15	θεόν
80604	44	24	21	Περὶ
80612	44	24	22	ἀνεβάλετο
80624	44	24	22	Ὅταν
80692	44	24	25	Τὸ
80800	44	25	5	Οἱ
80862	44	25	8	Οὔτε
80877	44	25	9	ὁ
80889	44	25	9	Θέλεις
80903	44	25	10	Ἐπὶ
80993	44	25	14	Ἀνήρ
81136	44	25	22	Ἐβουλόμην
81142	44	25	22	Αὔριον
81276	44	26	1	Ἐπιτρέπεταί
81440	44	26	10	λαβών
81529	44	26	15	Τίς
81536	44	26	15	Ἐγώ
81595	44	26	18	Σατανᾶ
81719	44	26	24	Μαίνῃ
81731	44	26	25	Οὐ
81747	44	26	26	βασιλεύς
81755	44	26	26	αὐτὸν
81782	44	26	28	Ἐν
81791	44	26	29	Εὐξαίμην
81842	44	26	31	Οὐδὲν
81846	44	26	31	ἄξιον
81857	44	26	32	Ἀπολελύσθαι
81953	44	27	6	κἀκεῖ
81998	44	27	8	Λιμένας
82026	44	27	10	Ἄνδρες
82117	44	27	14	Εὐρακύλων
82211	44	27	21	Ἔδει
82256	44	27	23	ἐγὼ
82262	44	27	24	Μὴ
82353	44	27	30	τῶν
82383	44	27	31	Ἐὰν
82419	44	27	33	Τεσσαρεσκαιδεκάτην
82563	44	27	42	τῶν
82654	44	28	3	συστρέψαντος
82690	44	28	4	Πάντως
82883	44	28	15	Φόρου
82886	44	28	15	Ταβερνῶν
82930	44	28	17	Ἐγώ
83005	44	28	21	Ἡμεῖς
83100	44	28	25	ἓν
83102	44	28	25	Καλῶς
83117	44	28	26	Πορεύθητι
83124	44	28	26	Ἀκοῇ
83485	45	1	17	Ὁ
83724	45	1	29	ψιθυριστάς
83727	45	1	30	ὑβριστάς
84262	45	3	4	Ὅπως
84337	45	3	8	Ποιήσωμεν
84339	45	3	8	κακὰ
84367	45	3	10	Οὐκ
84443	45	3	19	Οἴδαμεν
84618	45	3	30	θεός
84667	45	4	3	Ἐπίστευσεν
84721	45	4	7	Μακάριοι
84753	45	4	9	Ἐλογίσθη
84909	45	4	17	Πατέρα
84929	45	4	18	ὃς
84945	45	4	18	Οὕτως
85159	45	5	8	θεὸς
85288	45	5	14	Ἀδάμ
85535	45	6	5	Εἰ
85743	45	6	19	ἀνθρώπινον
85777	45	6	20	Ὅτε
85802	45	6	22	δέ
85907	45	7	4	Ὥστε
86005	45	7	7	Οὐκ
86048	45	7	10	ζωὴν
86164	45	7	18	οἶδα
86207	45	7	20	ἐγώ
86220	45	7	21	Εὑρίσκω
86229	45	7	21	καλὸν
86273	45	7	24	ταλαίπωρος
86338	45	8	3	τὸ
86499	45	8	11	χριστὸν
86519	45	8	12	ἐσμέν
86549	45	8	14	υἱοί
86567	45	8	15	Αββα
86867	45	8	34	ὅς
86903	45	8	36	Ἕνεκεν
87033	45	9	5	χριστὸς
87061	45	9	6	Ἰσραήλ
87068	45	9	7	Ἀβραάμ
87072	45	9	7	Ἐν
87101	45	9	9	Κατὰ
87111	45	9	10	οὐ
87152	45	9	12	Ὁ
87159	45	9	13	Τὸν
87180	45	9	15	Ἐλεήσω
87208	45	9	17	Εἰς
87242	45	9	19	Τί
87268	45	9	20	Τί
87331	45	9	24	οὓς
87349	45	9	25	Καλέσω
87369	45	9	26	Οὐ
87384	45	9	27	Ἐὰν
87413	45	9	29	Εἰ
87416	45	9	29	Σαβαὼθ
87471	45	9	33	Ἰδοὺ
87566	45	10	6	Μὴ
87572	45	10	6	Τίς
87582	45	10	7	Τίς
87596	45	10	8	Ἐγγύς
87655	45	10	11	Πᾶς
87681	45	10	13	Πᾶς
87716	45	10	15	Ὡς
87724	45	10	16	ἀλλʼ
87733	45	10	16	Κύριε
87750	45	10	18	Ἀλλὰ
87756	45	10	18	Εἰς
87782	45	10	19	Ἐγὼ
87798	45	10	20	Εὑρέθην
87815	45	10	21	Ὅλην
87873	45	11	3	Κύριε
87896	45	11	4	Κατέλιπον
87930	45	11	7	τί
87948	45	11	8	Ἔδωκεν
87970	45	11	9	Γενηθήτω
88137	45	11	19	Ἐξεκλάσθησαν
88168	45	11	21	οὐδέ
88272	45	11	26	Ἥξει
88373	45	11	34	Τίς
88442	45	12	2	νοός
88654	45	12	18	δυνατόν
88673	45	12	19	Ἐμοὶ
88873	45	13	9	γάρ
88874	45	13	9	Οὐ
88876	45	13	9	Οὐ
88878	45	13	9	Οὐ
88880	45	13	9	Οὐκ
88894	45	13	9	Ἀγαπήσεις
88974	45	13	14	Χριστόν
89046	45	14	5	γάρ
89088	45	14	7	Οὐδεὶς
89157	45	14	11	Ζῶ
89279	45	14	19	ἄρα
89396	45	15	3	Οἱ
89497	45	15	9	Διὰ
89511	45	15	10	Εὐφράνθητε
89519	45	15	11	Αἰνεῖτε
89535	45	15	12	Ἔσται
89539	45	15	12	Ἰεσσαί
89549	45	15	13	ὁ
89709	45	15	21	Οἷς
89770	45	15	25	νυνὶ
89795	45	15	27	γάρ
89896	45	15	33	ὁ
90005	45	16	7	Ἰουνιᾶν
90126	45	16	16	Ἀσπάσασθε
90131	45	16	16	Ἀσπάζονται
90215	45	16	20	Σατανᾶν
90222	45	16	20	ἡ
90454	46	1	9	θεὸς
90525	46	1	12	Ἐγὼ
90529	46	1	12	Ἐγὼ
90532	46	1	12	Ἐγὼ
90535	46	1	12	Ἐγὼ
90626	46	1	19	Ἀπολῶ
90723	46	1	25	ἐστίν
90823	46	1	31	Ὁ
90964	46	2	9	Ἃ
91071	46	2	14	Ψυχικὸς
91084	46	2	14	ἐστίν
91166	46	3	4	Ἐγὼ
91172	46	3	4	Ἐγὼ
91404	46	3	19	Ὁ
91414	46	3	20	Κύριος
91556	46	4	6	τό
91557	46	4	6	Μὴ
91590	46	4	8	Ἤδη
91713	46	4	16	παρακαλῶ
91719	46	4	17	διὰ
91749	46	4	18	ὡς
91823	46	5	2	ἐστέ
91838	46	5	3	Ἐγὼ
91880	46	5	5	Σατανᾷ
92090	46	6	5	σοφὸς
92108	46	6	7	ἤδη
92288	46	6	16	Ἔσονται
92304	46	6	18	φεύγετε
92428	46	7	5	καιρὸν
92444	46	7	5	Σατανᾶς
92535	46	7	12	ἐγώ
92579	46	7	14	γυναικί
92693	46	7	21	Δοῦλος
92755	46	7	26	νομίζω
92805	46	7	29	τοῦτο
92814	46	7	29	λοιπὸν
93124	46	8	6	πατήρ
93137	46	8	6	Χριστός
93353	46	9	7	τίς
93397	46	9	9	Οὐ
93443	46	9	12	εἰ
93452	46	9	12	Ἀλλʼ
93470	46	9	13	οὐκ
93508	46	9	15	οὐκ
93780	46	10	5	ἀλλʼ
93817	46	10	7	Ἐκάθισεν
93880	46	10	12	ὥστε
93931	46	10	16	τὸ
93985	46	10	19	τί
94058	46	10	25	πᾶν
94102	46	10	28	Τοῦτο
94196	46	11	2	καὶ
94203	46	11	3	θέλω
94275	46	11	7	ἀνὴρ
94282	46	11	7	κεφαλήν
94299	46	11	8	γυναικός
94361	46	11	13	ἐν
94400	46	11	16	εἰ
94402	46	11	16	τίς
94462	46	11	20	συνερχομένων
94545	46	11	24	Τοῦτό
94567	46	11	25	Τοῦτο
94631	46	11	28	ἑαυτόν
94707	46	11	34	Τὰ
94723	46	12	2	οἴδατε
94783	46	12	6	θεός
94927	46	12	15	Ὅτι
94949	46	12	16	Ὅτι
95021	46	12	21	Χρείαν
95031	46	12	21	Χρείαν
95124	46	12	28	καὶ
95178	46	12	31	καὶ
95367	46	13	13	νυνὶ
95634	46	14	16	Ἀμήν
95654	46	14	18	εὐχαριστῶ
95686	46	14	20	φρεσίν
95701	46	14	21	Ἐν
95739	46	14	23	ἐὰν
95794	46	14	25	Ὄντως
95894	46	14	33	ὡς
95901	46	14	34	Αἱ
95970	46	14	39	ὥστε
96020	46	15	3	Παρέδωκα
96037	46	15	3	γραφάς
96050	46	15	4	γραφάς
96089	46	15	9	ἐγὼ
96293	46	15	23	ἕκαστος
96412	46	15	30	τί
96448	46	15	32	Φάγωμεν
96478	46	15	35	Πῶς
96528	46	15	39	οὐ
96533	46	15	39	σάρξ
96624	46	15	45	Ἐγένετο
96727	46	15	52	γάρ
96736	46	15	53	δεῖ
96768	46	15	54	Κατεπόθη
97005	46	16	12	αὐτὸν
97122	46	16	20	ἀσπάσασθε
97141	46	16	22	Μαράνα
97517	47	1	17	Ναὶ
97521	47	1	17	Οὒ
97536	47	1	18	Ναὶ
97538	47	1	18	Οὔ
97560	47	1	19	Ναὶ
97562	47	1	19	Οὒ
97564	47	1	19	Ναὶ
97575	47	1	20	Ναί
97581	47	1	20	Ἀμὴν
97647	47	2	1	ἔκρινα
97678	47	2	3	αὐτὸ
97810	47	2	11	Σατανᾶ
98310	47	4	5	οὐ
98329	47	4	6	Ἐκ
98452	47	4	13	Ἐπίστευσα
98857	47	5	20	ὑπὲρ
98903	47	6	2	Καιρῷ
98921	47	6	3	μηδεμίαν
99108	47	6	16	Ἐνοικήσω
99116	47	6	16	θεός
99154	47	7	1	ταύτας
99285	47	7	8	ὅτι
99577	47	8	7	ἀλλʼ
99730	47	8	15	Ὁ
99786	47	8	19	δὲ
99978	47	9	5	ἀδελφοὺς
100056	47	9	9	Ἐσκόρπισεν
100169	47	9	15	χάρις
100222	47	10	3	ἐν
100333	47	10	10	Αἱ
100566	47	11	5	λογίζομαι
100707	47	11	14	Σατανᾶς
100812	47	11	21	ἐν
100852	47	11	24	ὑπὸ
101072	47	12	6	ἐὰν
101113	47	12	7	Σατανᾶ
101133	47	12	9	Ἀρκεῖ
101144	47	12	9	ἥδιστα
101287	47	12	16	ἔστω
101367	47	12	20	ἐριθεῖαι
101563	47	13	10	διὰ
101606	47	13	12	ἀσπάσασθε
101611	47	13	12	ἀσπάζονται
101616	47	13	13	ἡ
101661	48	1	2	ἀδελφοί
101816	48	1	12	αὐτό
101863	48	1	15	ὅτε
101886	48	1	16	ἐμοὶ
101956	48	1	21	ἔπειτα
101983	48	1	23	Ὁ
102083	48	2	6	ἀπὸ
102207	48	2	12	ἑαυτόν
102242	48	2	14	Εἰ
102255	48	2	14	Ἰουδαΐζειν
102371	48	2	21	οὐκ
102448	48	3	6	καθὼς
102458	48	3	7	Γινώσκετε
102479	48	3	8	θεὸς
102484	48	3	8	Ἐνευλογηθήσονται
102504	48	3	10	εἰσὶν
102511	48	3	10	Ἐπικατάρατος
102538	48	3	11	Ὁ
102551	48	3	12	Ὁ
102571	48	3	13	Ἐπικατάρατος
102622	48	3	16	Καὶ
102632	48	3	16	Καὶ
102711	48	3	21	Ὁ
102788	48	3	26	πάντες
102908	48	4	6	ὅτι
102925	48	4	6	Αββα
103206	48	4	27	Εὐφράνθητι
103229	48	4	28	ὑμεῖς
103256	48	4	30	Ἔκβαλε
103285	48	5	1	τῇ
103398	48	5	11	ἐγὼ
103414	48	5	12	ὄφελον
103450	48	5	14	Ἀγαπήσεις
103551	48	5	22	Ὁ
103558	48	5	22	χαρά
103586	48	5	25	εἰ
103617	48	6	1	σεαυτόν
103622	48	6	2	ἀλλήλων
103679	48	6	7	μὴ
103728	48	6	10	ἄρα
103753	48	6	12	ὅσοι
103787	48	6	14	ἐμοὶ
103962	49	1	7	ἐν
104028	49	1	11	ἐν
104058	49	1	13	ἐν
104100	49	1	15	κἀγώ
104198	49	1	20	ἣν
104391	49	2	8	τῇ
104494	49	2	14	αὐτὸς
104529	49	2	15	αὑτῷ
104578	49	2	19	ἄρα
104735	49	3	8	ἐμοὶ
104990	49	4	4	ἓν
105040	49	4	8	Ἀναβὰς
105051	49	4	9	Ἀνέβη
105080	49	4	11	καὶ
105258	49	4	20	ὑμεῖς
105437	49	5	1	γίνεσθε
105444	49	5	1	ἀγαπητά
105611	49	5	14	Ἔγειρε
105699	49	5	21	ὑποτασσόμενοι
105704	49	5	22	Αἱ
105813	49	5	29	οὐδεὶς
106166	49	6	18	διὰ
106235	49	6	21	Τυχικὸς
106371	50	1	7	καθώς
106412	50	1	8	θεός
106421	50	1	9	καὶ
106494	50	1	13	πᾶσιν
106512	50	1	15	Τινὲς
106553	50	1	18	τί
106569	50	1	18	ἀλλὰ
106620	50	1	21	ἐμοὶ
106847	50	2	5	τοῦτο
107178	50	2	28	αὐτὸν
107447	50	3	15	ὅσοι
107560	50	4	1	ὥστε
107772	50	4	14	πλὴν
107779	50	4	15	Οἴδατε
107907	50	4	23	ἡ
108108	51	1	11	μετὰ
108265	51	1	21	καὶ
108511	51	2	4	τοῦτο
108620	51	2	11	ἐν
108802	51	2	21	Μὴ
108869	51	3	3	γάρ
109064	51	3	16	ὁ
109078	51	3	16	ἑαυτοὺς
109124	51	3	19	οἱ
109147	51	3	21	οἱ
109157	51	3	22	οἱ
109213	51	4	1	οἱ
109298	51	4	7	Τυχικὸς
109436	51	4	15	ἀσπάσασθε
109475	51	4	17	Βλέπε
109599	52	1	6	καὶ
109785	52	2	5	οὔτε
109947	52	2	13	καθὼς
109948	52	2	13	ἐστὶν
109959	52	2	14	ὑμεῖς
110071	52	2	18	Σατανᾶς
110390	52	4	3	τοῦτο
110512	52	4	10	παρακαλοῦμεν
110584	52	4	15	τοῦτο
110654	52	4	18	ὥστε
110689	52	5	3	Εἰρήνη
110731	52	5	5	οὐκ
110742	52	5	6	λοιποί
110747	52	5	7	οἱ
110802	52	5	11	διὸ
110843	52	5	14	παρακαλοῦμεν
110878	52	5	16	πάντοτε
110954	52	5	26	ἀσπάσασθε
110961	52	5	27	ἐνορκίζω
110971	52	5	28	ἡ
111166	53	1	11	εἰς
111231	53	2	1	αὐτόν
111262	53	2	3	μή
111307	53	2	4	ἔστιν
111309	53	2	5	οὐ
111376	53	2	9	Σατανᾶ
111475	53	2	15	ἄρα
111561	53	3	3	πιστὸς
111587	53	3	5	ὁ
111632	53	3	7	αὐτοὶ
111697	53	3	11	ἀκούομεν
111726	53	3	13	ὑμεῖς
111793	53	3	18	ἡ
112046	54	1	17	τῷ
112104	54	1	20	Σατανᾷ
112115	54	2	1	προσευχάς
112159	54	2	5	εἷς
112213	54	2	9	ὡσαύτως
112244	54	2	11	γυνὴ
112295	54	3	1	Πιστὸς
112298	54	3	1	εἴ
112408	54	3	11	γυναῖκας
112484	54	3	16	Ὃς
112550	54	4	4	καλόν
112591	54	4	7	γύμναζε
112648	54	4	12	μηδείς
112889	54	5	14	βούλομαι
112908	54	5	15	Σατανᾶ
112944	54	5	18	Βοῦν
112949	54	5	18	Ἄξιος
112968	54	5	20	τοὺς
112979	54	5	21	διαμαρτύρομαι
113010	54	5	23	μηκέτι
113149	54	6	6	ἔστιν
113231	54	6	11	ὑπομονήν
113484	55	1	6	διʼ
113518	55	1	8	Μὴ
113623	55	1	13	ὑποτύπωσιν
113741	55	2	3	συγκακοπάθησον
113938	55	2	19	Ἔγνω
113944	55	2	19	Ἀποστήτω
113998	55	2	22	τὰς
114116	55	3	6	ἐκ
114245	55	3	14	σὺ
114340	55	4	3	ἔσται
114359	55	4	3	ἀκοήν
114373	55	4	5	σὺ
114477	55	4	12	Τυχικὸν
114891	56	2	2	πρεσβύτας
114903	56	2	3	Πρεσβύτιδας
114923	56	2	5	ἁγνάς
114924	56	2	5	οἰκουργούς
115095	56	3	3	ἦμεν
115236	56	3	12	Τυχικόν
115247	56	3	13	ζηνᾶν
115286	56	3	15	ἡ
115398	57	1	8	Διό
115492	57	1	15	τάχα
115523	57	1	17	Εἰ
115559	57	1	20	ναί
115572	57	1	21	πεποιθὼς
115704	58	1	5	Υἱός
115714	58	1	5	Ἐγὼ
115735	58	1	6	Καὶ
115747	58	1	7	Ὁ
115763	58	1	8	Ὁ
115792	58	1	9	θεός
115803	58	1	10	Σὺ
115855	58	1	13	Κάθου
115962	58	2	6	Τί
116002	58	2	8	νῦν
116079	58	2	12	Ἀπαγγελῶ
116093	58	2	13	Ἐγὼ
116100	58	2	13	Ἰδοὺ
116177	58	2	17	θεόν
116294	58	3	7	Σήμερον
116338	58	3	10	Ἀεὶ
116355	58	3	11	Εἰ
116361	58	3	12	βλέπετε
116386	58	3	13	Σήμερον
116414	58	3	15	Σήμερον
116420	58	3	15	Μὴ
116513	58	4	3	εἰσερχόμεθα
116522	58	4	3	Ὡς
116528	58	4	3	Εἰ
116548	58	4	4	Καὶ
116566	58	4	5	Εἰ
116591	58	4	7	Σήμερον
116600	58	4	7	Σήμερον
116651	58	4	11	σπουδάσωμεν
116812	58	5	3	αὑτοῦ
116822	58	5	4	τιμήν
116845	58	5	5	Υἱός
116858	58	5	6	Σὺ
117091	58	6	7	ὑετόν
117202	58	6	14	Εἰ
117417	58	7	6	Ἀβραάμ
117543	58	7	15	Καὶ
117571	58	7	17	Σὺ
117629	58	7	21	Ὤμοσεν
117634	58	7	21	Σὺ
117753	58	7	28	υἱόν
117791	58	8	3	πᾶς
117841	58	8	5	Ὅρα
117843	58	8	5	φησίν
117887	58	8	8	Ἰδοὺ
117992	58	8	11	Γνῶθι
118021	58	8	13	Καινὴν
118324	58	9	16	ὅπου
118388	58	9	20	Τοῦτο
118526	58	9	28	Χριστός
118604	58	10	5	διὸ
118610	58	10	5	Θυσίαν
118627	58	10	7	Ἰδοὺ
118638	58	10	7	θεός
118645	58	10	8	Θυσίας
118663	58	10	9	Ἰδοὺ
118745	58	10	15	μαρτυρεῖ
118757	58	10	16	Αὕτη
118966	58	10	30	Ἐμοὶ
118972	58	10	30	Κρινεῖ
119031	58	10	35	μὴ
119109	58	11	3	πίστει
119194	58	11	7	πίστει
119239	58	11	9	πίστει
119273	58	11	11	πίστει
119402	58	11	18	Ἐν
119433	58	11	21	πίστει
119449	58	11	22	πίστει
119486	58	11	24	πίστει
119522	58	11	27	πίστει
119537	58	11	28	πίστει
119557	58	11	29	Ἐρυθρὰν
119558	58	11	29	Θάλασσαν
119569	58	11	30	πίστει
119578	58	11	31	πίστει
119641	58	11	35	ἔλαβον
119704	58	11	39	καὶ
119777	58	12	3	Ἀναλογίσασθε
119795	58	12	4	οὔπω
119812	58	12	5	Υἱέ
120057	58	12	20	Κἂν
120071	58	12	21	Ἔκφοβός
120150	58	12	26	Ἔτι
120164	58	12	27	Ἔτι
120178	58	12	28	διὸ
120228	58	13	4	τίμιος
120244	58	13	5	ἀφιλάργυρος
120253	58	13	5	Οὐ
120266	58	13	6	Κύριος
120302	58	13	8	αὐτός
120307	58	13	9	διδαχαῖς
120360	58	13	12	διὸ
120396	58	13	15	διʼ
120455	58	13	18	Προσεύχεσθε
120546	58	13	23	γινώσκετε
120559	58	13	24	ἀσπάσασθε
120568	58	13	24	ἀσπάζονται
120574	58	13	25	ἡ
120756	59	1	13	Ἀπὸ
120791	59	1	16	μὴ
120796	59	1	17	Πᾶσα
121029	59	2	3	Σὺ
121037	59	2	3	Σὺ
121114	59	2	8	Ἀγαπήσεις
121149	59	2	11	Μὴ
121153	59	2	11	Μὴ
121164	59	2	12	οὕτως
121224	59	2	16	Ὑπάγετε
121256	59	2	18	Σὺ
121294	59	2	20	θέλεις
121345	59	2	23	Ἐπίστευσεν
121426	59	3	2	ἀνήρ
121485	59	3	5	Ἰδοὺ
121782	59	4	5	Πρὸς
121797	59	4	6	Ὁ
121885	59	4	12	κριτής
121903	59	4	13	Σήμερον
121943	59	4	15	Ἐὰν
122047	59	5	4	Κυρίου
122048	59	5	4	Σαβαὼθ
122180	59	5	12	Ναὶ
122184	59	5	12	Οὒ
122340	60	1	2	πατρός
122470	60	1	10	Περὶ
122514	60	1	12	αὐτά
122580	60	1	16	Ἅγιοι
122585	60	1	17	Καὶ
122744	60	2	1	καταλαλιάς
122765	60	2	4	Πρὸς
122802	60	2	6	Ἰδοὺ
122851	60	2	9	Ὑμεῖς
122879	60	2	10	λαὸς
123054	60	2	21	ὑπογραμμὸν
123198	60	3	5	ἑαυτάς
123207	60	3	6	Ἀβραάμ
123232	60	3	7	τιμήν
123420	60	3	18	σαρκὶ
123577	60	4	6	σαρκὶ
123593	60	4	7	προσευχάς
123732	60	4	16	Χριστιανός
123867	60	5	5	Ὁ
123997	60	5	14	εἰρήνη
124305	61	1	17	Ὁ
124488	61	2	6	τεθεικώς
124543	61	2	10	Τολμηταὶ
124564	61	2	12	οὗτοι
124565	61	2	12	δέ
124574	61	2	12	φθοράν
124651	61	2	17	Οὗτοί
124748	61	2	22	Κύων
124755	61	2	22	Ὗς
124766	61	3	1	ἐπιστολήν
124814	61	3	4	Ποῦ
124927	61	3	10	ἥξει
125064	61	3	17	ὑμεῖς
125299	62	1	10	αὐτὸν
125363	62	2	4	Ἔγνωκα
125461	62	2	9	ὁ
125626	62	2	16	πατρός
125719	62	2	21	αὐτήν
125729	62	2	22	τίς
125742	62	2	22	χριστός
125895	62	3	1	ἴδετε
125901	62	3	1	πατὴρ
125919	62	3	2	ἀγαπητοί
125938	62	3	2	αὐτὸν
125951	62	3	3	ἑαυτὸν
126043	62	3	9	πᾶς
126138	62	3	13	καὶ
126252	62	3	19	καὶ
126285	62	3	21	ἀγαπητοί
126296	62	3	21	θεόν
126315	62	3	23	καὶ
126588	62	4	11	ἀγαπητοί
126619	62	4	12	ἐστιν
126769	62	4	20	Ἀγαπῶ
126771	62	4	20	θεόν
126820	62	5	1	χριστὸς
126896	62	5	5	τίς
126914	62	5	6	Οὗτός
127039	62	5	11	θεὸς
127122	62	5	16	ἐάν
127180	62	5	18	ἑαυτόν
127288	63	1	3	πατρός
127296	63	1	3	πατρός
127328	63	1	5	καινήν
127360	63	1	7	ὅτι
127393	63	1	9	πᾶς
127864	65	1	9	ὁ
127885	65	1	9	Ἐπιτιμήσαι
127976	65	1	14	Ἰδοὺ
128012	65	1	16	γογγυσταί
128048	65	1	18	Ἐπʼ
128060	65	1	19	οὗτοί
128068	65	1	20	ὑμεῖς
128204	66	1	3	μακάριος
128338	66	1	8	Ἄλφα
128341	66	1	8	Ὦ
128404	66	1	11	Ὃ
128476	66	1	14	λευκόν
128478	66	1	14	χιών
128485	66	1	14	πυρός
128512	66	1	16	ἑπτά
128553	66	1	17	Μὴ
128623	66	1	20	εἰσίν
128659	66	2	2	Οἶδα
128684	66	2	2	εἰσίν
128752	66	2	7	ὁ
128762	66	2	7	τῷ
128799	66	2	9	Οἶδά
128817	66	2	9	ἑαυτούς
128820	66	2	9	εἰσίν
128824	66	2	9	Σατανᾶ
128857	66	2	11	ὁ
128867	66	2	11	ὁ
128895	66	2	13	Οἶδα
128902	66	2	13	Σατανᾶ
128931	66	2	13	Σατανᾶς
128954	66	2	14	Ἰσραήλ
128976	66	2	16	ταχύ
128987	66	2	17	ὁ
128997	66	2	17	τῷ
129045	66	2	18	πυρός
129052	66	2	19	Οἶδά
129184	66	2	24	Σατανᾶ
129201	66	2	26	καὶ
129244	66	2	29	ὁ
129275	66	3	1	Οἶδά
129354	66	3	5	ὁ
129387	66	3	6	ὁ
129426	66	3	8	Οἶδά
129462	66	3	9	Σατανᾶ
129529	66	3	12	ὁ
129565	66	3	12	Ἰερουσαλήμ
129581	66	3	13	ὁ
129602	66	3	14	Ἀμήν
129615	66	3	15	Οἶδά
129649	66	3	17	Πλούσιός
129716	66	3	20	ἰδοὺ
129745	66	3	21	ὁ
129769	66	3	22	ὁ
129802	66	4	1	Ἀνάβα
129812	66	4	2	εὐθέως
129845	66	4	4	καὶ
129871	66	4	5	καὶ
129975	66	4	8	Ἅγιος
129980	66	4	8	θεός
129991	66	4	9	καὶ
130042	66	4	11	Ἄξιος
130098	66	5	2	Τίς
130130	66	5	4	πολὺ
130148	66	5	5	Μὴ
130194	66	5	6	ἑπτά
130219	66	5	8	καὶ
130255	66	5	9	Ἄξιος
130327	66	5	12	Ἄξιόν
130374	66	5	13	Τῷ
130403	66	5	14	Ἀμήν
130430	66	6	1	φωνῇ
130432	66	6	1	Ἔρχου
130468	66	6	3	Ἔρχου
130508	66	6	5	Ἔρχου
130536	66	6	6	Χοῖνιξ
130565	66	6	7	Ἔρχου
130580	66	6	8	Θάνατος
130641	66	6	10	Ἕως
130667	66	6	11	λευκή
130755	66	6	15	καὶ
130795	66	6	16	Πέσετε
130860	66	7	2	καὶ
130889	66	7	3	Μὴ
131019	66	7	9	λευκάς
131031	66	7	10	Ἡ
131044	66	7	11	καὶ
131073	66	7	12	Ἀμήν
131111	66	7	13	Οὗτοι
131126	66	7	14	Κύριέ
131133	66	7	14	Οὗτοί
131207	66	7	17	αὐτούς
131239	66	8	2	καὶ
131270	66	8	3	πολλὰ
131309	66	8	5	λιβανωτόν
131413	66	8	9	ψυχάς
131434	66	8	10	λαμπάς
131524	66	8	13	Οὐαὶ
131831	66	9	14	Λῦσον
131878	66	9	17	καὶ
131964	66	9	19	κεφαλάς
132129	66	10	4	Σφράγισον
132139	66	10	5	καὶ
132160	66	10	5	οὐρανόν
132236	66	10	8	Ὕπαγε
132270	66	10	9	Λάβε
132288	66	10	10	καὶ
132308	66	10	10	γλυκύ
132317	66	10	11	Καὶ
132320	66	10	11	Δεῖ
132340	66	11	1	Ἔγειρε
132382	66	11	3	καὶ
132396	66	11	4	Οὗτοί
132612	66	11	12	Ἀνάβατε
132628	66	11	13	καὶ
132650	66	11	13	ἑπτά
132688	66	11	15	Ἐγένετο
132731	66	11	17	Εὐχαριστοῦμέν
132735	66	11	17	θεός
132876	66	12	3	πυρρός
132907	66	12	4	καὶ
132926	66	12	5	υἱόν
133041	66	12	10	Καὶ
133049	66	12	10	Ἄρτι
133212	66	12	16	γυναικί
133238	66	12	17	γυναικί
133260	66	12	18	καὶ
133279	66	13	1	ἑπτά
133347	66	13	3	καὶ
133370	66	13	4	Τίς
133406	66	13	6	θεόν
133492	66	13	10	ὧδέ
133604	66	13	15	καὶ
133691	66	13	18	ὧδε
133724	66	14	1	Σιών
133878	66	14	7	Φοβήθητε
133912	66	14	8	Ἔπεσεν
133940	66	14	9	Εἴ
134009	66	14	11	νυκτός
134050	66	14	13	Γράψον
134051	66	14	13	Μακάριοι
134121	66	14	15	Πέμψον
134195	66	14	18	Πέμψον
134294	66	15	2	πυρί
134338	66	15	3	Μεγάλα
134346	66	15	3	θεός
134491	66	16	1	Ὑπάγετε
134579	66	16	5	καὶ
134586	66	16	5	Δίκαιος
134611	66	16	7	καὶ
134616	66	16	7	Ναί
134619	66	16	7	θεός
134749	66	16	13	καὶ
134821	66	16	16	καὶ
134852	66	16	17	Γέγονεν
134859	66	16	18	βρονταί
134967	66	17	1	Δεῦρο
135007	66	17	3	καὶ
135097	66	17	7	καὶ
135102	66	17	7	Διὰ
135117	66	17	7	αὐτήν
135127	66	17	8	τὸ
135175	66	17	9	Ὧδε
135181	66	17	9	αἱ
135235	66	17	12	καὶ
135300	66	17	15	Τὰ
135334	66	17	16	γυμνήν
135418	66	18	2	Ἔπεσεν
135485	66	18	4	Ἐξέλθατε
135544	66	18	7	αὑτὴν
135560	66	18	7	Κάθημαι
135565	66	18	7	εἰμί
135630	66	18	10	Οὐαὶ
135760	66	18	15	οἱ
135780	66	18	16	Οὐαὶ
135837	66	18	18	Τίς
135856	66	18	19	Οὐαὶ
135884	66	18	20	οὐρανέ
135918	66	18	21	Οὕτως
136030	66	19	1	Ἁλληλουϊά
136073	66	19	3	καὶ
136076	66	19	3	Ἁλληλουϊά
136108	66	19	4	Ἀμήν
136109	66	19	4	Ἁλληλουϊά
136117	66	19	5	Αἰνεῖτε
136134	66	19	6	καὶ
136151	66	19	6	Ἁλληλουϊά
136156	66	19	6	θεός
136179	66	19	7	ἑαυτήν
136199	66	19	9	Γράψον
136200	66	19	9	Μακάριοι
136213	66	19	9	Οὗτοι
136231	66	19	10	Ὅρα
136265	66	19	11	λευκός
136315	66	19	13	Λόγος
136317	66	19	13	Θεοῦ
136318	66	19	14	καὶ
136446	66	19	19	καὶ
136618	66	20	4	αὐτούς
136667	66	20	4	χριστοῦ
136681	66	20	5	αὕτη
136712	66	20	6	χριστοῦ
136728	66	20	7	Σατανᾶς
136840	66	20	11	οὐρανός
137003	66	21	3	Ἰδοὺ
137063	66	21	5	Ἰδοὺ
137069	66	21	5	Γράψον
137081	66	21	6	Γέγοναν
137085	66	21	6	Ἄλφα
137088	66	21	6	Ὦ
137179	66	21	9	Δεῦρο
137458	66	21	22	θεός
137679	66	22	6	Οὗτοι
137747	66	22	9	Ὅρα
137772	66	22	10	Μὴ
137824	66	22	13	Ἄλφα
137827	66	22	13	Ὦ
137905	66	22	16	λαμπρός
137908	66	22	17	καὶ
137915	66	22	17	Ἔρχου
137920	66	22	17	Ἔρχου
138000	66	22	20	Ναί
