﻿46	6	3	『μητι γε』
46	6	3	「μητιγε」

40	14	7	『μεθ』
40	14	7	「μετα」

40	18	17	『ειπε』
40	18	17	「ειπον」

40	22	17	『ειπε』
40	22	17	「ειπον」

40	24	3	『ειπε』
40	24	3	「ειπον」

41	1	6	『εσθιων』
41	1	6	「εσθων」

41	14	46	『επεβαλαν』
41	14	46	「επεβαλον」

42	3	32	『ιωβηδ』
42	3	32	「ιωβηλ」

42	22	34	『φωνησει』
42	22	34	「φωνησῃ」

43	5	44	『παρα』
43	5	44	「παρ」

43	10	29	『μειζον』
43	10	29	「μειζων」

43	18	2	『ηιδει』
43	18	2	「ηδει」

44	13	14	『εισελθοντες』
44	13	14	「ελθοντες」

46	10	5	『ευδοκησεν』
46	10	5	「ηυδοκησεν」

47	3	5	『ἑαυτων』
47	3	5	「αυτων」

47	11	25	『ερραβδισθην』
47	11	25	「εραβδισθην」

50	4	6	『μετα』
50	4	6	「μετ」

51	2	16	『νεομηνιας』
51	2	16	「νουμηνιας」

58	9	19	『ερραντισεν』
58	9	19	「εραντισεν」

58	9	21	『ερραντισεν』
58	9	21	「εραντισεν」

59	5	10	『κακοπαθειας』
59	5	10	「κακοπαθιας」
