﻿＊40	8	4	αλλ｜40	8	4	αλλα
＊40	9	12	αλλ｜40	9	12	αλλα
＊40	9	13	αλλ｜40	9	13	αλλα
＊40	9	18	αλλ｜40	9	18	αλλα
＊40	16	12	αλλ｜40	16	12	αλλα
＊40	17	12	αλλ｜40	17	12	αλλα
＊40	18	22	αλλ｜40	18	22	αλλα
＊40	18	30	αλλ｜40	18	30	αλλα
＊41	1	45	αλλ｜41	1	45	αλλα
＊41	2	17	αλλ｜41	2	17	αλλα
＊41	2	22	αλλ｜41	2	22	αλλα
＊41	3	29	αλλ｜41	3	29	αλλα
＊41	6	9	αλλ｜41	6	9	αλλα
＊41	11	32	αλλ｜41	11	32	αλλα
＊41	13	24	αλλ｜41	13	24	αλλα
＊41	16	7	αλλ｜41	16	7	αλλα
＊42	5	14	αλλ｜42	5	14	αλλα
＊42	5	31	αλλ｜42	5	31	αλλα
＊42	5	32	αλλ｜42	5	32	αλλα
＊42	5	38	αλλ｜42	5	38	αλλα
＊42	6	27	αλλ｜42	6	27	αλλα
＊42	7	7	αλλ｜42	7	7	αλλα
＊42	11	42	αλλ｜42	11	42	αλλα
＊42	24	6	αλλ｜42	24	6	αλλα
＊43	3	16	αλλ｜43	3	16	αλλα
＊43	4	23	αλλ｜43	4	23	αλλα
＊43	5	42	αλλ｜43	5	42	αλλα
＊43	6	39	αλλ｜43	6	39	αλλα
＊43	6	64	αλλ｜43	6	64	αλλα
＊43	7	10	αλλ｜43	7	10	αλλα
＊43	7	49	αλλ｜43	7	49	αλλα
＊43	8	55	αλλ｜43	8	55	αλλα
＊43	9	9	αλλ｜43	9	9	αλλα
＊43	10	1	αλλ｜43	10	1	αλλα
＊43	10	26	αλλ｜43	10	26	αλλα
＊43	11	15	αλλ｜43	11	15	αλλα
＊43	11	51	αλλ｜43	11	51	αλλα
＊43	11	54	αλλ｜43	11	54	αλλα
＊43	12	44	αλλ｜43	12	44	αλλα
＊43	21	8	αλλ｜43	21	8	αλλα
＊44	7	39	αλλ｜44	7	39	αλλα
＊44	9	6	αλλ｜44	9	6	αλλα
＊44	10	20	αλλ｜44	10	20	αλλα
＊44	15	20	αλλ｜44	15	20	αλλα
＊44	16	37	αλλ｜44	16	37	αλλα
＊44	18	21	αλλ｜44	18	21	αλλα
＊44	26	16	αλλ｜44	26	16	αλλα
＊44	26	25	αλλ｜44	26	25	αλλα
＊45	1	21	αλλ｜45	1	21	αλλα
＊45	4	20	αλλ｜45	4	20	αλλα
＊45	5	14	αλλ｜45	5	14	αλλα
＊45	7	13	αλλ｜45	7	13	αλλα
＊45	7	19	αλλ｜45	7	19	αλλα
＊45	7	20	αλλ｜45	7	20	αλλα
＊45	8	9	αλλ｜45	8	9	αλλα
＊45	8	15	αλλ｜45	8	15	αλλα
＊45	8	26	αλλ｜45	8	26	αλλα
＊45	8	32	αλλ｜45	8	32	αλλα
＊45	11	18	αλλ｜45	11	18	αλλα
＊45	12	20	αλλ｜45	12	20	αλλα
＊45	13	14	αλλ｜45	13	14	αλλα
＊46	1	17	αλλ｜46	1	17	αλλα
＊46	3	6	αλλ｜46	3	6	αλλα
＊46	6	6	αλλ｜46	6	6	αλλα
＊46	6	8	αλλ｜46	6	8	αλλα
＊46	6	11	αλλ｜46	6	11	αλλα
＊46	7	7	αλλ｜46	7	7	αλλα
＊46	7	10	αλλ｜46	7	10	αλλα
＊46	9	27	αλλ｜46	9	27	αλλα
＊46	11	17	αλλ｜46	11	17	αλλα
＊46	12	24	αλλ｜46	12	24	αλλα
＊46	14	19	αλλ｜46	14	19	αλλα
＊46	14	33	αλλ｜46	14	33	αλλα
＊46	14	34	αλλ｜46	14	34	αλλα
＊46	15	10	αλλ｜46	15	10	αλλα
＊46	15	35	αλλ｜46	15	35	αλλα
＊46	15	39	αλλ｜46	15	39	αλλα
＊46	15	40	αλλ｜46	15	40	αλλα
＊47	1	9	αλλ｜47	1	9	αλλα
＊47	2	5	αλλ｜47	2	5	αλλα
＊47	2	13	αλλ｜47	2	13	αλλα
＊47	4	2	αλλ｜47	4	2	αλλα
＊47	4	5	αλλ｜47	4	5	αλλα
＊47	5	12	αλλ｜47	5	12	αλλα
＊47	10	12	αλλ｜47	10	12	αλλα
＊47	10	18	αλλ｜47	10	18	αλλα
＊47	12	16	αλλ｜47	12	16	αλλα
＊47	13	8	αλλ｜47	13	8	αλλα
＊48	1	17	αλλ｜48	1	17	αλλα
＊48	4	2	αλλ｜48	4	2	αλλα
＊48	4	7	αλλ｜48	4	7	αλλα
＊48	4	14	αλλ｜48	4	14	αλλα
＊48	4	17	αλλ｜48	4	17	αλλα
＊49	2	19	αλλ｜49	2	19	αλλα
＊49	4	29	αλλ｜49	4	29	αλλα
＊49	5	24	αλλ｜49	5	24	αλλα
＊49	5	29	αλλ｜49	5	29	αλλα
＊49	6	4	αλλ｜49	6	4	αλλα
＊50	2	7	αλλ｜50	2	7	αλλα
＊50	2	17	αλλ｜50	2	17	αλλα
＊50	2	27	αλλ｜50	2	27	αλλα
＊50	3	7	αλλ｜50	3	7	αλλα
＊50	4	17	αλλ｜50	4	17	αλλα
＊52	2	7	αλλ｜52	2	7	αλλα
＊52	5	9	αλλ｜52	5	9	αλλα
＊53	2	12	αλλ｜53	2	12	αλλα
＊54	1	13	αλλ｜54	1	13	αλλα
＊54	3	3	αλλ｜54	3	3	αλλα
＊54	5	23	αλλ｜54	5	23	αλλα
＊55	2	9	αλλ｜55	2	9	αλλα
＊55	2	24	αλλ｜55	2	24	αλλα
＊57	1	16	αλλ｜57	1	16	αλλα
＊59	1	26	αλλ｜59	1	26	αλλα
＊59	3	15	αλλ｜59	3	15	αλλα
＊60	1	23	αλλ｜60	1	23	αλλα
＊60	5	2	αλλ｜60	5	2	αλλα
＊61	1	21	αλλ｜61	1	21	αλλα
＊61	2	5	αλλ｜61	2	5	αλλα
＊62	2	16	αλλ｜62	2	16	αλλα
＊62	3	18	αλλ｜62	3	18	αλλα
＊63	1	5	αλλ｜63	1	5	αλλα
＊63	1	12	αλλ｜63	1	12	αλλα
＊65	1	6	αλλ｜65	1	6	αλλα
＊65	1	9	αλλ｜65	1	9	αλλα
＊66	2	4	αλλ｜66	2	4	αλλα
＊66	2	14	αλλ｜66	2	14	αλλα
＊66	2	20	αλλ｜66	2	20	αλλα
＊66	3	4	αλλ｜66	3	4	αλλα
＊66	17	12	αλλ｜66	17	12	αλλα


40	2	14	παρελαβε
40	2	14	παρελαβεν
40	2	16	πασι
40	2	16	πασιν
40	2	21	παρελαβε
40	2	21	παρελαβεν
40	5	5	κληρονομησουσι
40	5	5	κληρονομησουσιν
40	6	5	απεχουσι
40	6	5	απεχουσιν
40	6	25	εστι
40	6	25	εστιν
40	7	15	ενδυμασι
40	7	15	ενδυμασιν
40	12	10	εξεστι
40	12	10	εξεστιν
40	18	10	βλεπουσι
40	18	10	βλεπουσιν
40	19	11	χωρουσι
40	19	11	χωρουσιν
40	20	12	βαστασασι
40	20	12	βαστασασιν
40	23	5	πλατυνουσι
40	23	5	πλατυνουσιν
40	23	5	μεγαλυνουσι
40	23	5	μεγαλυνουσιν
40	23	6	φιλουσι
40	23	6	φιλουσιν
40	23	20	πασι
40	23	20	πασιν
40	28	2	απεκυλισε
40	28	2	απεκυλισεν

41	1	27	πνευμασι
41	1	27	πνευμασιν
41	4	12	βλεπωσι
41	4	12	βλεπωσιν
41	4	12	ακουωσι
41	4	12	ακουωσιν

41	5	4	αλυσεσι
41	5	4	αλυσεσιν
41	10	49	φωνουσι
41	10	49	φωνουσιν
41	16	10	πενθουσι
41	16	10	πενθουσιν
42	1	3	εδοξε
42	1	3	εδοξεν
42	1	9	ελαχε
42	1	9	ελαχεν
42	1	80	ηυξανε
42	1	80	ηυξανεν
42	16	13	δυσι
42	16	13	δυσιν
42	16	26	πασι
42	16	26	πασιν
42	16	29	εχουσι
42	16	29	εχουσιν
42	18	13	ετυπτε
42	18	13	ετυπτεν
43	4	29	ειπε
43	4	29	ειπεν
43	5	9	ηρε
43	5	9	ηρεν
43	5	18	ελεγε
43	5	18	ελεγεν
43	5	18	ελυε
43	5	18	ελυεν
43	5	33	μεμαρτυρηκε
43	5	33	μεμαρτυρηκεν
43	7	36	ειπε
43	7	36	ειπεν
43	10	5	οιδασι
43	10	5	οιδασιν
43	10	14	γινωσκουσι
43	10	14	γινωσκουσιν
43	17	3	γινωσκωσι
43	17	3	γινωσκωσιν
44	1	16	προειπε
44	1	16	προειπεν
44	1	19	πασι
44	1	19	πασιν
44	2	6	συνηλθε
44	2	6	συνηλθεν
44	2	22	δυναμεσι
44	2	22	δυναμεσιν
44	2	22	τερασι
44	2	22	τερασιν
44	2	39	πασι
44	2	39	πασιν
44	5	37	απεστησε
44	5	37	απεστησεν
44	10	31	φησι
44	10	31	φησιν
44	10	41	μαρτυσι
44	10	41	μαρτυσιν
44	10	44	επεπεσε
44	10	44	επεπεσεν
44	12	13	προσηλθε
44	12	13	προσηλθεν
44	13	20	ετεσι
44	13	20	ετεσιν
44	13	31	εισι
44	13	31	εισιν
44	15	3	πασι
44	15	3	πασιν
44	15	22	εδοξε
44	15	22	εδοξεν
44	15	26	παραδεδωκοσι
44	15	26	παραδεδωκοσιν
44	16	32	πασι
44	16	32	πασιν
44	17	7	πρασσουσι
44	17	7	πρασσουσιν
44	17	25	πασι
44	17	25	πασιν
44	18	10	εστι
44	18	10	εστιν
44	19	6	ηλθε
44	19	6	ηλθεν
44	19	38	εχουσι
44	19	38	εχουσιν
44	20	34	ουσι
44	20	34	ουσιν
44	21	5	γυναιξι
44	21	5	γυναιξιν
44	21	33	αλυσεσι
44	21	33	αλυσεσιν
44	21	33	δυσι
44	21	33	δυσιν
44	21	33	εκελευσε
44	21	33	εκελευσεν
44	21	40	κατεσεισε
44	21	40	κατεσεισεν
44	23	11	ουτω
44	23	11	ουτως
44	23	22	απελυσε
44	23	22	απελυσεν
44	23	24	διασωσωσι
44	23	24	διασωσωσιν
44	24	5	πασι
44	24	5	πασιν
44	24	27	κατελιπε
44	24	27	κατελιπεν
44	26	4	ισασι
44	26	4	ισασιν
44	26	5	θελωσι
44	26	5	θελωσιν
44	28	3	καθηψε
44	28	3	καθηψεν
45	2	8	απειθουσι
45	2	8	απειθουσιν
45	8	3	κατεκρινε
45	8	3	κατεκρινεν
45	8	28	αγαπωσι
45	8	28	αγαπωσιν
45	11	23	επιμενωσι
45	11	23	επιμενωσιν
45	13	7	πασι
45	13	7	πασιν
45	15	9	εθνεσι
45	15	9	εθνεσιν
45	15	23	κλιμασι
45	15	23	κλιμασιν
45	16	18	εξαπατωσι
45	16	18	εξαπατωσιν
46	10	5	ευδοκησεν
46	12	25	μεριμνωσι
46	12	25	μεριμνωσιν
47	9	2	ηρεθισε
47	9	2	ηρεθισεν
47	9	5	προκαταρτισωσι
47	9	5	προκαταρτισωσιν
47	11	10	κλιμασι
47	11	10	κλιμασιν
48	4	2	εστι
48	4	2	εστιν
48	4	8	ουσι
48	4	8	ουσιν
48	4	29	εδιωκε
48	4	29	εδιωκεν
50	3	17	ουτω
50	3	17	ουτως
53	1	8	ειδοσι
53	1	8	ειδοσιν
54	1	4	παρεχουσι
54	1	4	παρεχουσιν
54	1	9	ασεβεσι
54	1	9	ασεβεσιν
54	1	20	παιδευθωσι
54	1	20	παιδευθωσιν
54	4	1	πνευμασι
54	4	1	πνευμασιν
54	6	3	υγιαινουσι
54	6	3	υγιαινουσιν
54	6	9	βυθιζουσι
54	6	9	βυθιζουσιν
55	2	23	γεννωσι
55	2	23	γεννωσιν
55	4	8	ηγαπηκοσι
55	4	8	ηγαπηκοσιν
56	2	4	σωφρονιζωσι
56	2	4	σωφρονιζωσιν
58	2	14	εστι
58	2	14	εστιν
58	5	2	αγνοουσι
58	5	2	αγνοουσιν
58	9	1	ειχε
58	9	1	ειχεν
58	9	23	κρειττοσι
58	9	23	κρειττοσιν
58	11	38	ορεσι
58	11	38	ορεσιν
58	12	8	γεγονασι
58	12	8	γεγονασιν
58	12	21	ουτω
58	12	21	ουτως
58	12	23	πνευμασι
58	12	23	πνευμασιν
60	2	12	δοξασωσι
60	2	12	δοξασωσιν
60	4	6	ζωσι
60	4	6	ζωσιν
60	4	6	κριθωσι
60	4	6	κριθωσιν
66	2	25	αχρι
66	2	25	αχρις
66	6	5	ηνοιξε
66	6	5	ηνοιξεν
66	7	10	κραζουσι
66	7	10	κραζουσιν
66	8	9	απεθανε
66	8	9	απεθανεν
66	9	4	εχουσι
66	9	4	εχουσιν
66	13	6	ηνοιξε
66	13	6	ηνοιξεν
66	16	18	ουτω
66	16	18	ουτως
66	17	16	μισησουσι
66	17	16	μισησουσιν
66	19	17	πασι
66	19	17	πασιν
66	20	8	τεσσαρσι
66	20	8	τεσσαρσιν
66	21	8	πασι
66	21	8	πασιν
66	21	8	φονευσι
66	21	8	φονευσιν
