﻿「Main clauses｜Main clause segmentation.」
「annotations｜Inline annotations.」
「Focus+｜Constituents placed in P2 to give them focal prominence.」
「Ambiguous｜Marked but ambiguous constituent order.」
「Appositive｜Appositive」
「Articular Pronoun｜Articular pronoun, which often introduces an ‘intermediate step’ in a reported conversation.」
「Cataphoric Focus｜An expression that points forward to and highlights something which ‘is about to be expressed.’」
「Cataphoric referent｜The clause or sentence to which a cataphoric reference refers when NOT introduced with ὅτι or ἵνα.」
「Constituent Negation｜Negative pro-forms when they are in P2 indicate that the constituent has been negated rather than the clause as a whole.」
「DFE｜Constituents that may be moved from their default position to the end of a proposition to give them focal prominence include verbs, pronominals and objects that follow adjuncts (NonNarr §5.3, DFNTG §3.5). Such constituents, also called ‘dominant focal elements’or DFEs (Heimedinger 1999:167).」
「EmbeddedRepSpeech｜Embedded reported speech - speech that is reported within a reported speech.」
「Embedded DFE｜'Dominant focal elements' embedded within a constituent in P1.」
「Embedded Focus+｜A constituent of a phrase or embedded clause preposed for focal prominence.」
「Futuristic Present｜Highlights not the speech or act to which it refers but the event(s) that follow (DFNTG §12.2).」
「Highlighter｜Presentatives - Interjections such as ἰδού and ἴδε ‘look!, see!’ typically highlight what immediately follows (Narr §5.4.2, NonNarr §7.7.3).」
「Historical Perfect｜Highlights not the speech or act to which it refers but the event(s) that follow (DFNTG §12.2).」
「Historical Present｜Highlights not the speech or act to which it refers but the event(s) that follow (DFNTG §12.2).」
「Left-Dislocation｜Point of departure - A type of SENTENCE in which one of the CONSTITUENTS appears in INITIAL position and its CANONICAL position is filled by a PRONOUN or a full LEXICAL NOUN PHRASE with the same REFERENCE, e.g. John, I like him/the old chap.”」
「Noun Incorporation｜Some nominal objects that appear to be in P2 may precede their verb because they have been “incorporated” (Rosen 1989) in the verb phrase. Typically, the phrase consists of an indefinite noun and a “light verb” such as “do, give, have, make, take” (Wikipedia entry on Light Verbs).」
「OT quotes｜Old Testament quotations.」
「Over-encoding｜Any instance in which more encoding than the default is employed to refer to an active participant or prop. Over-encoding is used in Greek, as in other languages: to mark the beginning of a narrative unit (e.g. Mt 4:5); and to highlight the action or speech concerned (e.g. Mt 4:7).」
「Postposed them subject｜When a subject is postposed to the end of its clause (following nominals or adjuncts), it is marked ThS+ (e.g. Lk 1:41 [twice]). Such postposing typically marks as salient the participant who performs the next event in chronological sequence in the story (see Levinsohn 2014).」
「Referential PoD+｜Topical prominence - In Greek, prominence is given to active participants and props who are the current centre of attention (NARR §4.6) by omitting the article (DFNTG §§9.2.3-9.4), by adding αυτος ‘-self’ (e.g. in 1 Th 3:11), by using the proximal demonstrative οὗτος (NARR chap. 9, Appendix 1; e.g. in 3:3), and by postposing the constituent concerned (e.g. Mt 14:29). If such constituents are in postion P1, they are demonstrating topical prominence (e.g. 1 Th 2:1).」
「Referential PoD｜Pre-verbal topical subject other referential point of departure (NARR §3.1, NonNarr §4.3, DFNTG §§2.2, 2.8; as in 1 Th 1:6).」
「Reported speech.｜Reported speech.」
「Right-Dislocated｜Point of departure - A type of SENTENCE in which one of the CONSTITUENTS appears in FINAL position and its CANONICAL position is filled by a PRONOUN with the same REFERENCE, e.g. ... He’s always late, that chap.」
「Situational PoD｜Situational point of departure (e.g. temporal, spatial, conditional―(NARR §3.1, NonNarr §4.3, DFNTG §§2.2, 2.8; as in 1 Th 3:4).」
「Specific Circumstance｜The function of ἐγενετο ‘it came about’ and an immediately following temporal expression varies with the author (see DFNTG §10.3). In Matthew’s Gospel, it usually marks major divisions in the book (e.g. Mt 7:28). In Luke-Acts, in contrast, ‘it picks out from the general background the specific circumstance for the foreground events that are to follow’ (ibid.), as in Acts 9:37 (see also Mt 9:10).」
「Split Focal｜The second part of a focal constituent with only the first part in P2 (NonNarr §5.5, DFNTG §4.4).」
「Tail-Head linkage｜Point of departure involving renewal - Tail-head linkage involves “the repetition in a subordinate clause, at the beginning (the ‘head’) of a new sentence, of at least the main verb of the previous sentence (the tail)” (Dooley &amp; Levinsohn 2001:16).」
「Thematic Prominence｜Thematic prominence - In Greek, prominence is given to active participants and props who are the current centre of attention (NARR §4.6) by omitting the article (DFNTG §§9.2.3-9.4), by adding αυτος ‘-self’ (e.g. in 1 Th 3:11), by using the proximal demonstrative οὗτος (NARR chap. 9, Appendix 1; e.g. in 3:3), and by postposing the constituent concerned (e.g. Mt 14:29). If such constituents are NOT in postion P1, they are demonstrating topical prominence.」
「Topical Genitive｜A genitival constituent that is nominal is preposed within the noun phrase for two purposes: 1) to bring it into focus; 2) within a point of departure, to indicate that it is the genitive in particular which relates to a corresponding constituent of the context.(DFNTG §4.5)」
「Verb Focus+｜Verb in final position in clause demonstrates verb focus.」
