43	7	53	⟦Καὶ	G2532	CONJ
43	7	53	ἐπορεύθησαν	G4198	V-AOI-3P
43	7	53	ἕκαστος	G1538	A-NSM
43	7	53	εἰς	G1519	PREP
43	7	53	τὸν	G3588	T-ASM
43	7	53	οἶκον	G3624	N-ASM
43	7	53	αὐτοῦ,	G846	P-GSM
43	8	1	¶ Ἰησοῦς	G2424	N-NSM-P
43	8	1	δὲ	G1161	CONJ
43	8	1	ἐπορεύθη	G4198	V-AOI-3S
43	8	1	εἰς	G1519	PREP
43	8	1	τὸ	G3588	T-ASN
43	8	1	Ὄρος	G3735	N-ASN
43	8	1	τῶν	G3588	T-GPF
43	8	1	Ἐλαιῶν.	G1636	N-GPF-L
43	8	2	Ὄρθρου	G3722	N-GSM
43	8	2	δὲ	G1161	CONJ
43	8	2	πάλιν	G3825	ADV
43	8	2	παρεγένετο	G3854	V-2ADI-3S
43	8	2	εἰς	G1519	PREP
43	8	2	τὸ	G3588	T-ASN
43	8	2	ἱερόν[,	G2411	N-ASN
43	8	2	καὶ	G2532	CONJ
43	8	2	πᾶς	G3956	A-NSM
43	8	2	ὁ	G3588	T-NSM
43	8	2	λαὸς	G2992	N-NSM
43	8	2	ἤρχετο	G2064	V-IMI-3S
43	8	2	πρὸς	G4314	PREP
43	8	2	αὐτόν,	G846	P-ASM
43	8	2	καὶ	G2532	CONJ
43	8	2	καθίσας	G2523	V-AAP-NSM
43	8	2	ἐδίδασκεν	G1321	V-IAI-3S
43	8	2	αὐτούς].	G846	P-APM
43	8	3	Ἄγουσιν	G71	V-PAI-3P
43	8	3	δὲ	G1161	CONJ
43	8	3	οἱ	G3588	T-NPM
43	8	3	γραμματεῖς	G1122	N-NPM
43	8	3	καὶ	G2532	CONJ
43	8	3	οἱ	G3588	T-NPM
43	8	3	Φαρισαῖοι	G5330	N-NPM-T
43	8	3	γυναῖκα	G1135	N-ASF
43	8	3	ἐπὶ	G1909	PREP
43	8	3	μοιχείᾳ	G3430	N-DSF
43	8	3	κατειλημμένην,	G2638	V-RPP-ASF
43	8	3	καὶ	G2532	CONJ
43	8	3	στήσαντες	G2476	V-AAP-NPM
43	8	3	αὐτὴν	G846	P-ASF
43	8	3	ἐν	G1722	PREP
43	8	3	μέσῳ	G3319	A-DSN
43	8	4	λέγουσιν	G3004	V-PAI-3P
43	8	4	αὐτῷ	G846	P-DSM
43	8	4	Διδάσκαλε,	G1320	N-VSM
43	8	4	αὕτη	G3778	D-NSF
43	8	4	ἡ	G3588	T-NSF
43	8	4	γυνὴ	G1135	N-NSF
43	8	4	κατείληπται	G2638	V-RPI-3S
43	8	4	ἐπ᾽	G1909	PREP
43	8	4	αὐτοφώρῳ	G1888	A-DSM
43	8	4	μοιχευομένη·	G3431	V-PPP-NSF
43	8	5	ἐν	G1722	PREP
43	8	5	δὲ	G1161	CONJ
43	8	5	τῷ	G3588	T-DSM
43	8	5	νόμῳ	G3551	N-DSM
43	8	5	[ἡμῖν]	G1473	P-1DP
43	8	5	Μωυσῆς	G3475	N-NSM-P
43	8	5	ἐνετείλατο	G1781	V-ADI-3S
43	8	5	τὰς	G3588	T-APF
43	8	5	τοιαύτας	G5108	D-APF
43	8	5	λιθάζειν·	G3034	V-PAN
43	8	5	σὺ	G4771	P-2NS
43	8	5	οὖν	G3767	CONJ
43	8	5	τί	G5101	I-ASN
43	8	5	λέγεις;	G3004	V-PAI-2S
43	8	6	[τοῦτο	G3778	D-ASN
43	8	6	δὲ	G1161	CONJ
43	8	6	ἔλεγον	G3004	V-IAI-3P
43	8	6	πειράζοντες	G3985	V-PAP-NPM
43	8	6	αὐτόν,	G846	P-ASM
43	8	6	ἵνα	G2443	CONJ
43	8	6	ἔχωσιν	G2192	V-PAS-3P
43	8	6	κατηγορεῖν	G2723	V-PAN
43	8	6	αὐτοῦ.]	G846	P-GSM
43	8	6	ὁ	G3588	T-NSM
43	8	6	δὲ	G1161	CONJ
43	8	6	Ἰησοῦς	G2424	N-NSM-P
43	8	6	κάτω	G2736	ADV
43	8	6	κύψας	G2955	V-AAP-NSM
43	8	6	τῷ	G3588	T-DSM
43	8	6	δακτύλῳ	G1147	N-DSM
43	8	6	κατέγραφεν	G6047	V-IAI-3S
43	8	6	εἰς	G1519	PREP
43	8	6	τὴν	G3588	T-ASF
43	8	6	γῆν.	G1093	N-ASF
43	8	7	ὡς	G5613	CONJ
43	8	7	δὲ	G1161	CONJ
43	8	7	ἐπέμενον	G1961	V-IAI-3P
43	8	7	ἐρωτῶντες	G2065	V-PAP-NPM
43	8	7	[αὐτόν],	G846	P-ASM
43	8	7	ἀνέκυψεν	G352	V-AAI-3S
43	8	7	καὶ	G2532	CONJ
43	8	7	εἶπεν	G2036	V-2AAI-3S
43	8	7	[αὐτοῖς]	G846	P-DPM
43	8	7	Ὁ	G3588	T-NSM
43	8	7	ἀναμάρτητος	G361	A-NSM
43	8	7	ὑμῶν	G4771	P-2GP
43	8	7	πρῶτος	G4413	A-NSM
43	8	7	ἐπ᾽	G1909	PREP
43	8	7	αὐτὴν	G846	P-ASF
43	8	7	βαλέτω	G906	V-2AAM-3S
43	8	7	λίθον·	G3037	N-ASM
43	8	8	καὶ	G2532	CONJ
43	8	8	πάλιν	G3825	ADV
43	8	8	κατακύψας	G6049	V-AAP-NSM
43	8	8	ἔγραφεν	G1125	V-IAI-3S
43	8	8	εἰς	G1519	PREP
43	8	8	τὴν	G3588	T-ASF
43	8	8	γῆν.	G1093	N-ASF
43	8	9	οἱ	G3588	T-NPM
43	8	9	δὲ	G1161	CONJ
43	8	9	ἀκούσαντες	G191	V-AAP-NPM
43	8	9	ἐξήρχοντο	G1831	V-INI-3P
43	8	9	εἷς	G1520	A-NSM
43	8	9	καθ᾽	G2596	PREP
43	8	9	εἷς	G1520	A-NSM
43	8	9	ἀρξάμενοι	G757	V-AMP-NPM
43	8	9	ἀπὸ	G575	PREP
43	8	9	τῶν	G3588	T-GPM
43	8	9	πρεσβυτέρων,	G4245	A-GPM
43	8	9	καὶ	G2532	CONJ
43	8	9	κατελείφθη	G2641	V-API-3S
43	8	9	μόνος,	G3441	A-NSM
43	8	9	καὶ	G2532	CONJ
43	8	9	ἡ	G3588	T-NSF
43	8	9	γυνὴ	G1135	N-NSF
43	8	9	ἐν	G1722	PREP
43	8	9	μέσῳ	G3319	A-DSN
43	8	9	οὖσα.	G1510	V-PAP-NSF
43	8	10	ἀνακύψας	G352	V-AAP-NSM
43	8	10	δὲ	G1161	CONJ
43	8	10	ὁ	G3588	T-NSM
43	8	10	Ἰησοῦς	G2424	N-NSM-P
43	8	10	εἶπεν	G2036	V-2AAI-3S
43	8	10	αὐτῇ	G846	P-DSF
43	8	10	Γύναι,	G1135	N-VSF
43	8	10	ποῦ	G4226	ADV-I
43	8	10	εἰσίν;	G1510	V-PAI-3P
43	8	10	οὐδείς	G3762	A-NSM
43	8	10	σε	G4771	P-2AS
43	8	10	κατέκρινεν;	G2632	V-AAI-3S
43	8	11	ἡ	G3588	T-NSF
43	8	11	δὲ	G1161	CONJ
43	8	11	εἶπεν	G2036	V-2AAI-3S
43	8	11	Οὐδείς,	G3762	A-NSM
43	8	11	κύριε.	G2962	N-VSM
43	8	11	εἶπεν	G2036	V-2AAI-3S
43	8	11	δὲ	G1161	CONJ
43	8	11	ὁ	G3588	T-NSM
43	8	11	Ἰησοῦς	G2424	N-NSM-P
43	8	11	Οὐδὲ	G3761	CONJ-N
43	8	11	ἐγώ	G1473	P-1NS
43	8	11	σε	G4771	P-2AS
43	8	11	κατακρίνω·	G2632	V-PAI-1S
43	8	11	πορεύου,	G4198	V-PNM-2S
43	8	11	καὶ	G2532	CONJ
43	8	11	ἀπὸ	G575	PREP
43	8	11	τοῦ	G3588	T-GSM
43	8	11	νῦν	G3568	ADV
43	8	11	μηκέτι	G3371	ADV
43	8	11	ἁμάρτανε.⟧	G264	V-PAM-2S
