43	7	53	⟦Καὶ	G2532	and	CONJ
43	7	53	ἐπορεύθησαν	G4198	to go	V-AOI-3P
43	7	53	ἕκαστος	G1538	each	A-NSM
43	7	53	εἰς	G1519	toward	PREP
43	7	53	τὸν	G3588	the/this/who	T-ASM
43	7	53	οἶκον	G3624	house	N-ASM
43	7	53	αὐτοῦ,	G846	he/she/it/self	P-GSM
43	8	1	¶ Ἰησοῦς	G2424	Jesus/Joshua	N-NSM-P
43	8	1	δὲ	G1161	but/and	CONJ
43	8	1	ἐπορεύθη	G4198	to go	V-AOI-3S
43	8	1	εἰς	G1519	toward	PREP
43	8	1	τὸ	G3588	the/this/who	T-ASN
43	8	1	Ὄρος	G3735	mountain	N-ASN
43	8	1	τῶν	G3588	the/this/who	T-GPF
43	8	1	Ἐλαιῶν.	G1636	olive tree	N-GPF-L
43	8	2	Ὄρθρου	G3722	dawn	N-GSM
43	8	2	δὲ	G1161	but/and	CONJ
43	8	2	πάλιν	G3825	again	ADV
43	8	2	παρεγένετο	G3854	to come	V-2ADI-3S
43	8	2	εἰς	G1519	toward	PREP
43	8	2	τὸ	G3588	the/this/who	T-ASN
43	8	2	ἱερόν[,	G2411	temple	N-ASN
43	8	2	καὶ	G2532	and	CONJ
43	8	2	πᾶς	G3956	all	A-NSM
43	8	2	ὁ	G3588	the/this/who	T-NSM
43	8	2	λαὸς	G2992	a people	N-NSM
43	8	2	ἤρχετο	G2064	to come/go	V-IMI-3S
43	8	2	πρὸς	G4314	to/with	PREP
43	8	2	αὐτόν,	G846	he/she/it/self	P-ASM
43	8	2	καὶ	G2532	and	CONJ
43	8	2	καθίσας	G2523	to sit	V-AAP-NSM
43	8	2	ἐδίδασκεν	G1321	to teach	V-IAI-3S
43	8	2	αὐτούς].	G846	he/she/it/self	P-APM
43	8	3	Ἄγουσιν	G71	to bring	V-PAI-3P
43	8	3	δὲ	G1161	but/and	CONJ
43	8	3	οἱ	G3588	the/this/who	T-NPM
43	8	3	γραμματεῖς	G1122	scribe	N-NPM
43	8	3	καὶ	G2532	and	CONJ
43	8	3	οἱ	G3588	the/this/who	T-NPM
43	8	3	Φαρισαῖοι	G5330	Pharisee	N-NPM-T
43	8	3	γυναῖκα	G1135	woman	N-ASF
43	8	3	ἐπὶ	G1909	upon/to/against	PREP
43	8	3	μοιχείᾳ	G3430	adultery	N-DSF
43	8	3	κατειλημμένην,	G2638	to take/realize	V-RPP-ASF
43	8	3	καὶ	G2532	and	CONJ
43	8	3	στήσαντες	G2476	to stand	V-AAP-NPM
43	8	3	αὐτὴν	G846	he/she/it/self	P-ASF
43	8	3	ἐν	G1722	in/on/among	PREP
43	8	3	μέσῳ	G3319	midst	A-DSN
43	8	4	λέγουσιν	G3004	to speak	V-PAI-3P
43	8	4	αὐτῷ	G846	he/she/it/self	P-DSM
43	8	4	Διδάσκαλε,	G1320	teacher	N-VSM
43	8	4	αὕτη	G3778	this/he/she/it	D-NSF
43	8	4	ἡ	G3588	the/this/who	T-NSF
43	8	4	γυνὴ	G1135	woman	N-NSF
43	8	4	κατείληπται	G2638	to take/realize	V-RPI-3S
43	8	4	ἐπ᾽	G1909	upon/to/against	PREP
43	8	4	αὐτοφώρῳ	G1888	in the very act	A-DSM
43	8	4	μοιχευομένη·	G3431	to commit adultery	V-PPP-NSF
43	8	5	ἐν	G1722	in/on/among	PREP
43	8	5	δὲ	G1161	but/and	CONJ
43	8	5	τῷ	G3588	the/this/who	T-DSM
43	8	5	νόμῳ	G3551	law	N-DSM
43	8	5	[ἡμῖν]	G1473	I/we	P-1DP
43	8	5	Μωυσῆς	G3475	Moses	N-NSM-P
43	8	5	ἐνετείλατο	G1781	to order	V-ADI-3S
43	8	5	τὰς	G3588	the/this/who	T-APF
43	8	5	τοιαύτας	G5108	such as this	D-APF
43	8	5	λιθάζειν·	G3034	to stone	V-PAN
43	8	5	σὺ	G4771	you	P-2NS
43	8	5	οὖν	G3767	therefore/then	CONJ
43	8	5	τί	G5101	which?	I-ASN
43	8	5	λέγεις;	G3004	to speak	V-PAI-2S
43	8	6	[τοῦτο	G3778	this/he/she/it	D-ASN
43	8	6	δὲ	G1161	but/and	CONJ
43	8	6	ἔλεγον	G3004	to speak	V-IAI-3P
43	8	6	πειράζοντες	G3985	to test/tempt	V-PAP-NPM
43	8	6	αὐτόν,	G846	he/she/it/self	P-ASM
43	8	6	ἵνα	G2443	in order that/to	CONJ
43	8	6	ἔχωσιν	G2192	to have/be	V-PAS-3P
43	8	6	κατηγορεῖν	G2723	to accuse	V-PAN
43	8	6	αὐτοῦ.]	G846	he/she/it/self	P-GSM
43	8	6	ὁ	G3588	the/this/who	T-NSM
43	8	6	δὲ	G1161	but/and	CONJ
43	8	6	Ἰησοῦς	G2424	Jesus/Joshua	N-NSM-P
43	8	6	κάτω	G2736	under	ADV
43	8	6	κύψας	G2955	to stoop/bend down	V-AAP-NSM
43	8	6	τῷ	G3588	the/this/who	T-DSM
43	8	6	δακτύλῳ	G1147	finger	N-DSM
43	8	6	κατέγραφεν	G6047	to delineate	V-IAI-3S
43	8	6	εἰς	G1519	toward	PREP
43	8	6	τὴν	G3588	the/this/who	T-ASF
43	8	6	γῆν.	G1093	earth	N-ASF
43	8	7	ὡς	G5613	which/how	CONJ
43	8	7	δὲ	G1161	but/and	CONJ
43	8	7	ἐπέμενον	G1961	to remain/keep on	V-IAI-3P
43	8	7	ἐρωτῶντες	G2065	to ask	V-PAP-NPM
43	8	7	[αὐτόν],	G846	he/she/it/self	P-ASM
43	8	7	ἀνέκυψεν	G352	to straighten up	V-AAI-3S
43	8	7	καὶ	G2532	and	CONJ
43	8	7	εἶπεν	G2036	to say	V-2AAI-3S
43	8	7	[αὐτοῖς]	G846	he/she/it/self	P-DPM
43	8	7	Ὁ	G3588	the/this/who	T-NSM
43	8	7	ἀναμάρτητος	G361	sinless	A-NSM
43	8	7	ὑμῶν	G4771	you	P-2GP
43	8	7	πρῶτος	G4413	first	A-NSM
43	8	7	ἐπ᾽	G1909	upon/to/against	PREP
43	8	7	αὐτὴν	G846	he/she/it/self	P-ASF
43	8	7	βαλέτω	G906	to throw	V-2AAM-3S
43	8	7	λίθον·	G3037	stone	N-ASM
43	8	8	καὶ	G2532	and	CONJ
43	8	8	πάλιν	G3825	again	ADV
43	8	8	κατακύψας	G6049	to stoop	V-AAP-NSM
43	8	8	ἔγραφεν	G1125	to write	V-IAI-3S
43	8	8	εἰς	G1519	toward	PREP
43	8	8	τὴν	G3588	the/this/who	T-ASF
43	8	8	γῆν.	G1093	earth	N-ASF
43	8	9	οἱ	G3588	the/this/who	T-NPM
43	8	9	δὲ	G1161	but/and	CONJ
43	8	9	ἀκούσαντες	G191	to hear	V-AAP-NPM
43	8	9	ἐξήρχοντο	G1831	to go out	V-INI-3P
43	8	9	εἷς	G1520	one	A-NSM
43	8	9	καθ᾽	G2596	according to	PREP
43	8	9	εἷς	G1520	one	A-NSM
43	8	9	ἀρξάμενοι	G757	be first	V-AMP-NPM
43	8	9	ἀπὸ	G575	from	PREP
43	8	9	τῶν	G3588	the/this/who	T-GPM
43	8	9	πρεσβυτέρων,	G4245	elder	A-GPM
43	8	9	καὶ	G2532	and	CONJ
43	8	9	κατελείφθη	G2641	to leave	V-API-3S
43	8	9	μόνος,	G3441	alone	A-NSM
43	8	9	καὶ	G2532	and	CONJ
43	8	9	ἡ	G3588	the/this/who	T-NSF
43	8	9	γυνὴ	G1135	woman	N-NSF
43	8	9	ἐν	G1722	in/on/among	PREP
43	8	9	μέσῳ	G3319	midst	A-DSN
43	8	9	οὖσα.	G1510	to be	V-PAP-NSF
43	8	10	ἀνακύψας	G352	to straighten up	V-AAP-NSM
43	8	10	δὲ	G1161	but/and	CONJ
43	8	10	ὁ	G3588	the/this/who	T-NSM
43	8	10	Ἰησοῦς	G2424	Jesus/Joshua	N-NSM-P
43	8	10	εἶπεν	G2036	to say	V-2AAI-3S
43	8	10	αὐτῇ	G846	he/she/it/self	P-DSF
43	8	10	Γύναι,	G1135	woman	N-VSF
43	8	10	ποῦ	G4226	where?	ADV-I
43	8	10	εἰσίν;	G1510	to be	V-PAI-3P
43	8	10	οὐδείς	G3762	no one	A-NSM
43	8	10	σε	G4771	you	P-2AS
43	8	10	κατέκρινεν;	G2632	to condemn	V-AAI-3S
43	8	11	ἡ	G3588	the/this/who	T-NSF
43	8	11	δὲ	G1161	but/and	CONJ
43	8	11	εἶπεν	G2036	to say	V-2AAI-3S
43	8	11	Οὐδείς,	G3762	no one	A-NSM
43	8	11	κύριε.	G2962	lord	N-VSM
43	8	11	εἶπεν	G2036	to say	V-2AAI-3S
43	8	11	δὲ	G1161	but/and	CONJ
43	8	11	ὁ	G3588	the/this/who	T-NSM
43	8	11	Ἰησοῦς	G2424	Jesus/Joshua	N-NSM-P
43	8	11	Οὐδὲ	G3761	and not	CONJ-N
43	8	11	ἐγώ	G1473	I/we	P-1NS
43	8	11	σε	G4771	you	P-2AS
43	8	11	κατακρίνω·	G2632	to condemn	V-PAI-1S
43	8	11	πορεύου,	G4198	to go	V-PNM-2S
43	8	11	καὶ	G2532	and	CONJ
43	8	11	ἀπὸ	G575	from	PREP
43	8	11	τοῦ	G3588	the/this/who	T-GSM
43	8	11	νῦν	G3568	now	ADV
43	8	11	μηκέτι	G3371	never again	ADV
43	8	11	ἁμάρτανε.⟧	G264	to sin	V-PAM-2S
