43	7	53	⟦Καὶ	G2532	καί	and	CONJ
43	7	53	ἐπορεύθησαν	G4198	πορεύω	to go	V-AOI-3P
43	7	53	ἕκαστος	G1538	ἕκαστος	each	A-NSM
43	7	53	εἰς	G1519	εἰς	toward	PREP
43	7	53	τὸν	G3588	ὁ	the/this/who	T-ASM
43	7	53	οἶκον	G3624	οἶκος	house	N-ASM
43	7	53	αὐτοῦ,	G846	αὐτός	he/she/it/self	P-GSM
43	8	1	¶ Ἰησοῦς	G2424	Ἰησοῦς	Jesus/Joshua	N-NSM-P
43	8	1	δὲ	G1161	δέ	but/and	CONJ
43	8	1	ἐπορεύθη	G4198	πορεύω	to go	V-AOI-3S
43	8	1	εἰς	G1519	εἰς	toward	PREP
43	8	1	τὸ	G3588	ὁ	the/this/who	T-ASN
43	8	1	Ὄρος	G3735	ὄρος	mountain	N-ASN
43	8	1	τῶν	G3588	ὁ	the/this/who	T-GPF
43	8	1	Ἐλαιῶν.	G1636	ἐλαία	olive tree	N-GPF-L
43	8	2	Ὄρθρου	G3722	ὄρθρος	dawn	N-GSM
43	8	2	δὲ	G1161	δέ	but/and	CONJ
43	8	2	πάλιν	G3825	πάλιν	again	ADV
43	8	2	παρεγένετο	G3854	παραγίνομαι	to come	V-2ADI-3S
43	8	2	εἰς	G1519	εἰς	toward	PREP
43	8	2	τὸ	G3588	ὁ	the/this/who	T-ASN
43	8	2	ἱερόν[,	G2411	ἱερός	temple	N-ASN
43	8	2	καὶ	G2532	καί	and	CONJ
43	8	2	πᾶς	G3956	πᾶς	all	A-NSM
43	8	2	ὁ	G3588	ὁ	the/this/who	T-NSM
43	8	2	λαὸς	G2992	λαός	a people	N-NSM
43	8	2	ἤρχετο	G2064	ἔρχομαι	to come/go	V-IMI-3S
43	8	2	πρὸς	G4314	πρός	to/with	PREP
43	8	2	αὐτόν,	G846	αὐτός	he/she/it/self	P-ASM
43	8	2	καὶ	G2532	καί	and	CONJ
43	8	2	καθίσας	G2523	καθίζω	to sit	V-AAP-NSM
43	8	2	ἐδίδασκεν	G1321	διδάσκω	to teach	V-IAI-3S
43	8	2	αὐτούς].	G846	αὐτός	he/she/it/self	P-APM
43	8	3	Ἄγουσιν	G71	ἄγω	to bring	V-PAI-3P
43	8	3	δὲ	G1161	δέ	but/and	CONJ
43	8	3	οἱ	G3588	ὁ	the/this/who	T-NPM
43	8	3	γραμματεῖς	G1122	γραμματεύς	scribe	N-NPM
43	8	3	καὶ	G2532	καί	and	CONJ
43	8	3	οἱ	G3588	ὁ	the/this/who	T-NPM
43	8	3	Φαρισαῖοι	G5330	Φαρισαῖος	Pharisee	N-NPM-T
43	8	3	γυναῖκα	G1135	γυνή	woman	N-ASF
43	8	3	ἐπὶ	G1909	ἐπί	upon/to/against	PREP
43	8	3	μοιχείᾳ	G3430	μοιχεία	adultery	N-DSF
43	8	3	κατειλημμένην,	G2638	καταλαμβάνω	to take/realize	V-RPP-ASF
43	8	3	καὶ	G2532	καί	and	CONJ
43	8	3	στήσαντες	G2476	ἵστημι	to stand	V-AAP-NPM
43	8	3	αὐτὴν	G846	αὐτός	he/she/it/self	P-ASF
43	8	3	ἐν	G1722	ἐν	in/on/among	PREP
43	8	3	μέσῳ	G3319	μέσος	midst	A-DSN
43	8	4	λέγουσιν	G3004	λέγω	to speak	V-PAI-3P
43	8	4	αὐτῷ	G846	αὐτός	he/she/it/self	P-DSM
43	8	4	Διδάσκαλε,	G1320	διδάσκαλος	teacher	N-VSM
43	8	4	αὕτη	G3778	οὗτος	this/he/she/it	D-NSF
43	8	4	ἡ	G3588	ὁ	the/this/who	T-NSF
43	8	4	γυνὴ	G1135	γυνή	woman	N-NSF
43	8	4	κατείληπται	G2638	καταλαμβάνω	to take/realize	V-RPI-3S
43	8	4	ἐπ᾽	G1909	ἐπί	upon/to/against	PREP
43	8	4	αὐτοφώρῳ	G1888	ἐπαυτόφωρος, αὐτόφωρος	in the very act	A-DSM
43	8	4	μοιχευομένη·	G3431	μοιχεύω	to commit adultery	V-PPP-NSF
43	8	5	ἐν	G1722	ἐν	in/on/among	PREP
43	8	5	δὲ	G1161	δέ	but/and	CONJ
43	8	5	τῷ	G3588	ὁ	the/this/who	T-DSM
43	8	5	νόμῳ	G3551	νόμος	law	N-DSM
43	8	5	[ἡμῖν]	G1473	ἐγώ	I/we	P-1DP
43	8	5	Μωυσῆς	G3475	Μωϋσῆς, Μωσῆς	Moses	N-NSM-P
43	8	5	ἐνετείλατο	G1781	ἐντέλλω	to order	V-ADI-3S
43	8	5	τὰς	G3588	ὁ	the/this/who	T-APF
43	8	5	τοιαύτας	G5108	τοιοῦτος	such as this	D-APF
43	8	5	λιθάζειν·	G3034	λιθάζω	to stone	V-PAN
43	8	5	σὺ	G4771	σύ	you	P-2NS
43	8	5	οὖν	G3767	οὖν	therefore/then	CONJ
43	8	5	τί	G5101	τίς	which?	I-ASN
43	8	5	λέγεις;	G3004	λέγω	to speak	V-PAI-2S
43	8	6	[τοῦτο	G3778	οὗτος	this/he/she/it	D-ASN
43	8	6	δὲ	G1161	δέ	but/and	CONJ
43	8	6	ἔλεγον	G3004	λέγω	to speak	V-IAI-3P
43	8	6	πειράζοντες	G3985	πειράζω	to test/tempt	V-PAP-NPM
43	8	6	αὐτόν,	G846	αὐτός	he/she/it/self	P-ASM
43	8	6	ἵνα	G2443	ἵνα	in order that/to	CONJ
43	8	6	ἔχωσιν	G2192	ἔχω	to have/be	V-PAS-3P
43	8	6	κατηγορεῖν	G2723	κατηγορέω	to accuse	V-PAN
43	8	6	αὐτοῦ.]	G846	αὐτός	he/she/it/self	P-GSM
43	8	6	ὁ	G3588	ὁ	the/this/who	T-NSM
43	8	6	δὲ	G1161	δέ	but/and	CONJ
43	8	6	Ἰησοῦς	G2424	Ἰησοῦς	Jesus/Joshua	N-NSM-P
43	8	6	κάτω	G2736	κάτω	under	ADV
43	8	6	κύψας	G2955	κύπτω	to stoop/bend down	V-AAP-NSM
43	8	6	τῷ	G3588	ὁ	the/this/who	T-DSM
43	8	6	δακτύλῳ	G1147	δάκτυλος	finger	N-DSM
43	8	6	κατέγραφεν	G6047	καταγράφω	to delineate	V-IAI-3S
43	8	6	εἰς	G1519	εἰς	toward	PREP
43	8	6	τὴν	G3588	ὁ	the/this/who	T-ASF
43	8	6	γῆν.	G1093	γῆ	earth	N-ASF
43	8	7	ὡς	G5613	ὡς	which/how	CONJ
43	8	7	δὲ	G1161	δέ	but/and	CONJ
43	8	7	ἐπέμενον	G1961	ἐπιμένω	to remain/keep on	V-IAI-3P
43	8	7	ἐρωτῶντες	G2065	ἐρωτάω	to ask	V-PAP-NPM
43	8	7	[αὐτόν],	G846	αὐτός	he/she/it/self	P-ASM
43	8	7	ἀνέκυψεν	G352	ἀνακύπτω	to straighten up	V-AAI-3S
43	8	7	καὶ	G2532	καί	and	CONJ
43	8	7	εἶπεν	G2036	ἔπω, ἐρῶ, εἶπον	to say	V-2AAI-3S
43	8	7	[αὐτοῖς]	G846	αὐτός	he/she/it/self	P-DPM
43	8	7	Ὁ	G3588	ὁ	the/this/who	T-NSM
43	8	7	ἀναμάρτητος	G361	ἀναμάρτητος	sinless	A-NSM
43	8	7	ὑμῶν	G4771	σύ	you	P-2GP
43	8	7	πρῶτος	G4413	πρῶτος	first	A-NSM
43	8	7	ἐπ᾽	G1909	ἐπί	upon/to/against	PREP
43	8	7	αὐτὴν	G846	αὐτός	he/she/it/self	P-ASF
43	8	7	βαλέτω	G906	βάλλω	to throw	V-2AAM-3S
43	8	7	λίθον·	G3037	λίθος	stone	N-ASM
43	8	8	καὶ	G2532	καί	and	CONJ
43	8	8	πάλιν	G3825	πάλιν	again	ADV
43	8	8	κατακύψας	G6049	κατακύπτω	to stoop	V-AAP-NSM
43	8	8	ἔγραφεν	G1125	γράφω	to write	V-IAI-3S
43	8	8	εἰς	G1519	εἰς	toward	PREP
43	8	8	τὴν	G3588	ὁ	the/this/who	T-ASF
43	8	8	γῆν.	G1093	γῆ	earth	N-ASF
43	8	9	οἱ	G3588	ὁ	the/this/who	T-NPM
43	8	9	δὲ	G1161	δέ	but/and	CONJ
43	8	9	ἀκούσαντες	G191	ἀκούω	to hear	V-AAP-NPM
43	8	9	ἐξήρχοντο	G1831	ἐξέρχομαι	to go out	V-INI-3P
43	8	9	εἷς	G1520	εἷς	one	A-NSM
43	8	9	καθ᾽	G2596	κατά	according to	PREP
43	8	9	εἷς	G1520	εἷς	one	A-NSM
43	8	9	ἀρξάμενοι	G757	ἄρχω	be first	V-AMP-NPM
43	8	9	ἀπὸ	G575	ἀπό	from	PREP
43	8	9	τῶν	G3588	ὁ	the/this/who	T-GPM
43	8	9	πρεσβυτέρων,	G4245	πρεσβύτερος	elder	A-GPM
43	8	9	καὶ	G2532	καί	and	CONJ
43	8	9	κατελείφθη	G2641	καταλείπω	to leave	V-API-3S
43	8	9	μόνος,	G3441	μόνος	alone	A-NSM
43	8	9	καὶ	G2532	καί	and	CONJ
43	8	9	ἡ	G3588	ὁ	the/this/who	T-NSF
43	8	9	γυνὴ	G1135	γυνή	woman	N-NSF
43	8	9	ἐν	G1722	ἐν	in/on/among	PREP
43	8	9	μέσῳ	G3319	μέσος	midst	A-DSN
43	8	9	οὖσα.	G1510	εἰμί	to be	V-PAP-NSF
43	8	10	ἀνακύψας	G352	ἀνακύπτω	to straighten up	V-AAP-NSM
43	8	10	δὲ	G1161	δέ	but/and	CONJ
43	8	10	ὁ	G3588	ὁ	the/this/who	T-NSM
43	8	10	Ἰησοῦς	G2424	Ἰησοῦς	Jesus/Joshua	N-NSM-P
43	8	10	εἶπεν	G2036	ἔπω, ἐρῶ, εἶπον	to say	V-2AAI-3S
43	8	10	αὐτῇ	G846	αὐτός	he/she/it/self	P-DSF
43	8	10	Γύναι,	G1135	γυνή	woman	N-VSF
43	8	10	ποῦ	G4226	ποῦ	where?	ADV-I
43	8	10	εἰσίν;	G1510	εἰμί	to be	V-PAI-3P
43	8	10	οὐδείς	G3762	οὐδείς	no one	A-NSM
43	8	10	σε	G4771	σύ	you	P-2AS
43	8	10	κατέκρινεν;	G2632	κατακρίνω	to condemn	V-AAI-3S
43	8	11	ἡ	G3588	ὁ	the/this/who	T-NSF
43	8	11	δὲ	G1161	δέ	but/and	CONJ
43	8	11	εἶπεν	G2036	ἔπω, ἐρῶ, εἶπον	to say	V-2AAI-3S
43	8	11	Οὐδείς,	G3762	οὐδείς	no one	A-NSM
43	8	11	κύριε.	G2962	κύριος	lord	N-VSM
43	8	11	εἶπεν	G2036	ἔπω, ἐρῶ, εἶπον	to say	V-2AAI-3S
43	8	11	δὲ	G1161	δέ	but/and	CONJ
43	8	11	ὁ	G3588	ὁ	the/this/who	T-NSM
43	8	11	Ἰησοῦς	G2424	Ἰησοῦς	Jesus/Joshua	N-NSM-P
43	8	11	Οὐδὲ	G3761	οὐδέ	and not	CONJ-N
43	8	11	ἐγώ	G1473	ἐγώ	I/we	P-1NS
43	8	11	σε	G4771	σύ	you	P-2AS
43	8	11	κατακρίνω·	G2632	κατακρίνω	to condemn	V-PAI-1S
43	8	11	πορεύου,	G4198	πορεύω	to go	V-PNM-2S
43	8	11	καὶ	G2532	καί	and	CONJ
43	8	11	ἀπὸ	G575	ἀπό	from	PREP
43	8	11	τοῦ	G3588	ὁ	the/this/who	T-GSM
43	8	11	νῦν	G3568	νῦν	now	ADV
43	8	11	μηκέτι	G3371	μηκέτι	never again	ADV
43	8	11	ἁμάρτανε.⟧	G264	ἁμαρτάνω	to sin	V-PAM-2S
