1	43	7	53	⟦Καὶ	G2532	καί	and	CONJ	CONJunction or conjunctive particle
2	43	7	53	ἐπορεύθησαν	G4198	πορεύω	to go	V-AOI-3P	Verb, Aorist, passive depOnent, Indicative, third, Plural
3	43	7	53	ἕκαστος	G1538	ἕκαστος	each	A-NSM	Adjective, Nominative, Singular, Masculine
4	43	7	53	εἰς	G1519	εἰς	toward	PREP	PREPosition
5	43	7	53	τὸν	G3588	ὁ	the/this/who	T-ASM	definite article, Accusative, Singular, Masculine
6	43	7	53	οἶκον	G3624	οἶκος	house	N-ASM	Noun, Accusative, Singular, Masculine
7	43	7	53	αὐτοῦ,	G846	αὐτός	he/she/it/self	P-GSM	Personal pronoun, Genitive, Singular, Masculine
8	43	8	1	¶ Ἰησοῦς	G2424	Ἰησοῦς	Jesus/Joshua	N-NSM-P	Noun, Nominative, Singular, Masculine, Person
9	43	8	1	δὲ	G1161	δέ	but/and	CONJ	CONJunction or conjunctive particle
10	43	8	1	ἐπορεύθη	G4198	πορεύω	to go	V-AOI-3S	Verb, Aorist, passive depOnent, Indicative, third, Singular
11	43	8	1	εἰς	G1519	εἰς	toward	PREP	PREPosition
12	43	8	1	τὸ	G3588	ὁ	the/this/who	T-ASN	definite article, Accusative, Singular, Neuter
13	43	8	1	Ὄρος	G3735	ὄρος	mountain	N-ASN	Noun, Accusative, Singular, Neuter
14	43	8	1	τῶν	G3588	ὁ	the/this/who	T-GPF	definite article, Genitive, Plural, Feminine
15	43	8	1	Ἐλαιῶν.	G1636	ἐλαία	olive tree	N-GPF-L	Noun, Genitive, Plural, Feminine, Location
16	43	8	2	Ὄρθρου	G3722	ὄρθρος	dawn	N-GSM	Noun, Genitive, Singular, Masculine
17	43	8	2	δὲ	G1161	δέ	but/and	CONJ	CONJunction or conjunctive particle
18	43	8	2	πάλιν	G3825	πάλιν	again	ADV	ADVerb or adverb and particle combined
19	43	8	2	παρεγένετο	G3854	παραγίνομαι	to come	V-2ADI-3S	Verb, second Aorist, middle Deponent, Indicative, third, Singular
20	43	8	2	εἰς	G1519	εἰς	toward	PREP	PREPosition
21	43	8	2	τὸ	G3588	ὁ	the/this/who	T-ASN	definite article, Accusative, Singular, Neuter
22	43	8	2	ἱερόν[,	G2411	ἱερός	temple	N-ASN	Noun, Accusative, Singular, Neuter
23	43	8	2	καὶ	G2532	καί	and	CONJ	CONJunction or conjunctive particle
24	43	8	2	πᾶς	G3956	πᾶς	all	A-NSM	Adjective, Nominative, Singular, Masculine
25	43	8	2	ὁ	G3588	ὁ	the/this/who	T-NSM	definite article, Nominative, Singular, Masculine
26	43	8	2	λαὸς	G2992	λαός	a people	N-NSM	Noun, Nominative, Singular, Masculine
27	43	8	2	ἤρχετο	G2064	ἔρχομαι	to come/go	V-IMI-3S	Verb, Imperfect, Middle, Indicative, third, Singular
28	43	8	2	πρὸς	G4314	πρός	to/with	PREP	PREPosition
29	43	8	2	αὐτόν,	G846	αὐτός	he/she/it/self	P-ASM	Personal pronoun, Accusative, Singular, Masculine
30	43	8	2	καὶ	G2532	καί	and	CONJ	CONJunction or conjunctive particle
31	43	8	2	καθίσας	G2523	καθίζω	to sit	V-AAP-NSM	Verb, Aorist, Active, Participle, Nominative, Singular, Masculine
32	43	8	2	ἐδίδασκεν	G1321	διδάσκω	to teach	V-IAI-3S	Verb, Imperfect, Active, Indicative, third, Singular
33	43	8	2	αὐτούς].	G846	αὐτός	he/she/it/self	P-APM	Personal pronoun, Accusative, Plural, Masculine
34	43	8	3	Ἄγουσιν	G71	ἄγω	to bring	V-PAI-3P	Verb, Present, Active, Indicative, third, Plural
35	43	8	3	δὲ	G1161	δέ	but/and	CONJ	CONJunction or conjunctive particle
36	43	8	3	οἱ	G3588	ὁ	the/this/who	T-NPM	definite article, Nominative, Plural, Masculine
37	43	8	3	γραμματεῖς	G1122	γραμματεύς	scribe	N-NPM	Noun, Nominative, Plural, Masculine
38	43	8	3	καὶ	G2532	καί	and	CONJ	CONJunction or conjunctive particle
39	43	8	3	οἱ	G3588	ὁ	the/this/who	T-NPM	definite article, Nominative, Plural, Masculine
40	43	8	3	Φαρισαῖοι	G5330	Φαρισαῖος	Pharisee	N-NPM-T	Noun, Nominative, Plural, Masculine, Title
41	43	8	3	γυναῖκα	G1135	γυνή	woman	N-ASF	Noun, Accusative, Singular, Feminine
42	43	8	3	ἐπὶ	G1909	ἐπί	upon/to/against	PREP	PREPosition
43	43	8	3	μοιχείᾳ	G3430	μοιχεία	adultery	N-DSF	Noun, Dative, Singular, Feminine
44	43	8	3	κατειλημμένην,	G2638	καταλαμβάνω	to take/realize	V-RPP-ASF	Verb, peRfect, Passive, Participle, Accusative, Singular, Feminine
45	43	8	3	καὶ	G2532	καί	and	CONJ	CONJunction or conjunctive particle
46	43	8	3	στήσαντες	G2476	ἵστημι	to stand	V-AAP-NPM	Verb, Aorist, Active, Participle, Nominative, Plural, Masculine
47	43	8	3	αὐτὴν	G846	αὐτός	he/she/it/self	P-ASF	Personal pronoun, Accusative, Singular, Feminine
48	43	8	3	ἐν	G1722	ἐν	in/on/among	PREP	PREPosition
49	43	8	3	μέσῳ	G3319	μέσος	midst	A-DSN	Adjective, Dative, Singular, Neuter
50	43	8	4	λέγουσιν	G3004	λέγω	to speak	V-PAI-3P	Verb, Present, Active, Indicative, third, Plural
51	43	8	4	αὐτῷ	G846	αὐτός	he/she/it/self	P-DSM	Personal pronoun, Dative, Singular, Masculine
52	43	8	4	Διδάσκαλε,	G1320	διδάσκαλος	teacher	N-VSM	Noun, Vocative, Singular, Masculine
53	43	8	4	αὕτη	G3778	οὗτος	this/he/she/it	D-NSF	Demonstrative pronoun, Nominative, Singular, Feminine
54	43	8	4	ἡ	G3588	ὁ	the/this/who	T-NSF	definite article, Nominative, Singular, Feminine
55	43	8	4	γυνὴ	G1135	γυνή	woman	N-NSF	Noun, Nominative, Singular, Feminine
56	43	8	4	κατείληπται	G2638	καταλαμβάνω	to take/realize	V-RPI-3S	Verb, peRfect, Passive, Indicative, third, Singular
57	43	8	4	ἐπ᾽	G1909	ἐπί	upon/to/against	PREP	PREPosition
58	43	8	4	αὐτοφώρῳ	G1888	ἐπαυτόφωρος, αὐτόφωρος	in the very act	A-DSM	Adjective, Dative, Singular, Masculine
59	43	8	4	μοιχευομένη·	G3431	μοιχεύω	to commit adultery	V-PPP-NSF	Verb, Present, Passive, Participle, Nominative, Singular, Feminine
60	43	8	5	ἐν	G1722	ἐν	in/on/among	PREP	PREPosition
61	43	8	5	δὲ	G1161	δέ	but/and	CONJ	CONJunction or conjunctive particle
62	43	8	5	τῷ	G3588	ὁ	the/this/who	T-DSM	definite article, Dative, Singular, Masculine
63	43	8	5	νόμῳ	G3551	νόμος	law	N-DSM	Noun, Dative, Singular, Masculine
64	43	8	5	[ἡμῖν]	G1473	ἐγώ	I/we	P-1DP	Personal pronoun, first, Dative, Plural
65	43	8	5	Μωυσῆς	G3475	Μωϋσῆς, Μωσῆς	Moses	N-NSM-P	Noun, Nominative, Singular, Masculine, Person
66	43	8	5	ἐνετείλατο	G1781	ἐντέλλω	to order	V-ADI-3S	Verb, Aorist, middle Deponent, Indicative, third, Singular
67	43	8	5	τὰς	G3588	ὁ	the/this/who	T-APF	definite article, Accusative, Plural, Feminine
68	43	8	5	τοιαύτας	G5108	τοιοῦτος	such as this	D-APF	Demonstrative pronoun, Accusative, Plural, Feminine
69	43	8	5	λιθάζειν·	G3034	λιθάζω	to stone	V-PAN	Verb, Present, Active, iNfinitive
70	43	8	5	σὺ	G4771	σύ	you	P-2NS	Personal pronoun, second, Nominative, Singular
71	43	8	5	οὖν	G3767	οὖν	therefore/then	CONJ	CONJunction or conjunctive particle
72	43	8	5	τί	G5101	τίς	which?	I-ASN	Interrogative pronoun, Accusative, Singular, Neuter
73	43	8	5	λέγεις;	G3004	λέγω	to speak	V-PAI-2S	Verb, Present, Active, Indicative, second, Singular
74	43	8	6	[τοῦτο	G3778	οὗτος	this/he/she/it	D-ASN	Demonstrative pronoun, Accusative, Singular, Neuter
75	43	8	6	δὲ	G1161	δέ	but/and	CONJ	CONJunction or conjunctive particle
76	43	8	6	ἔλεγον	G3004	λέγω	to speak	V-IAI-3P	Verb, Imperfect, Active, Indicative, third, Plural
77	43	8	6	πειράζοντες	G3985	πειράζω	to test/tempt	V-PAP-NPM	Verb, Present, Active, Participle, Nominative, Plural, Masculine
78	43	8	6	αὐτόν,	G846	αὐτός	he/she/it/self	P-ASM	Personal pronoun, Accusative, Singular, Masculine
79	43	8	6	ἵνα	G2443	ἵνα	in order that/to	CONJ	CONJunction or conjunctive particle
80	43	8	6	ἔχωσιν	G2192	ἔχω	to have/be	V-PAS-3P	Verb, Present, Active, Subjunctive, third, Plural
81	43	8	6	κατηγορεῖν	G2723	κατηγορέω	to accuse	V-PAN	Verb, Present, Active, iNfinitive
82	43	8	6	αὐτοῦ.]	G846	αὐτός	he/she/it/self	P-GSM	Personal pronoun, Genitive, Singular, Masculine
83	43	8	6	ὁ	G3588	ὁ	the/this/who	T-NSM	definite article, Nominative, Singular, Masculine
84	43	8	6	δὲ	G1161	δέ	but/and	CONJ	CONJunction or conjunctive particle
85	43	8	6	Ἰησοῦς	G2424	Ἰησοῦς	Jesus/Joshua	N-NSM-P	Noun, Nominative, Singular, Masculine, Person
86	43	8	6	κάτω	G2736	κάτω	under	ADV	ADVerb or adverb and particle combined
87	43	8	6	κύψας	G2955	κύπτω	to stoop/bend down	V-AAP-NSM	Verb, Aorist, Active, Participle, Nominative, Singular, Masculine
88	43	8	6	τῷ	G3588	ὁ	the/this/who	T-DSM	definite article, Dative, Singular, Masculine
89	43	8	6	δακτύλῳ	G1147	δάκτυλος	finger	N-DSM	Noun, Dative, Singular, Masculine
90	43	8	6	κατέγραφεν	G6047	καταγράφω	to delineate	V-IAI-3S	Verb, Imperfect, Active, Indicative, third, Singular
91	43	8	6	εἰς	G1519	εἰς	toward	PREP	PREPosition
92	43	8	6	τὴν	G3588	ὁ	the/this/who	T-ASF	definite article, Accusative, Singular, Feminine
93	43	8	6	γῆν.	G1093	γῆ	earth	N-ASF	Noun, Accusative, Singular, Feminine
94	43	8	7	ὡς	G5613	ὡς	which/how	CONJ	CONJunction or conjunctive particle
95	43	8	7	δὲ	G1161	δέ	but/and	CONJ	CONJunction or conjunctive particle
96	43	8	7	ἐπέμενον	G1961	ἐπιμένω	to remain/keep on	V-IAI-3P	Verb, Imperfect, Active, Indicative, third, Plural
97	43	8	7	ἐρωτῶντες	G2065	ἐρωτάω	to ask	V-PAP-NPM	Verb, Present, Active, Participle, Nominative, Plural, Masculine
98	43	8	7	[αὐτόν],	G846	αὐτός	he/she/it/self	P-ASM	Personal pronoun, Accusative, Singular, Masculine
99	43	8	7	ἀνέκυψεν	G352	ἀνακύπτω	to straighten up	V-AAI-3S	Verb, Aorist, Active, Indicative, third, Singular
100	43	8	7	καὶ	G2532	καί	and	CONJ	CONJunction or conjunctive particle
101	43	8	7	εἶπεν	G2036	ἔπω, ἐρῶ, εἶπον	to say	V-2AAI-3S	Verb, second Aorist, Active, Indicative, third, Singular
102	43	8	7	[αὐτοῖς]	G846	αὐτός	he/she/it/self	P-DPM	Personal pronoun, Dative, Plural, Masculine
103	43	8	7	Ὁ	G3588	ὁ	the/this/who	T-NSM	definite article, Nominative, Singular, Masculine
104	43	8	7	ἀναμάρτητος	G361	ἀναμάρτητος	sinless	A-NSM	Adjective, Nominative, Singular, Masculine
105	43	8	7	ὑμῶν	G4771	σύ	you	P-2GP	Personal pronoun, second, Genitive, Plural
106	43	8	7	πρῶτος	G4413	πρῶτος	first	A-NSM	Adjective, Nominative, Singular, Masculine
107	43	8	7	ἐπ᾽	G1909	ἐπί	upon/to/against	PREP	PREPosition
108	43	8	7	αὐτὴν	G846	αὐτός	he/she/it/self	P-ASF	Personal pronoun, Accusative, Singular, Feminine
109	43	8	7	βαλέτω	G906	βάλλω	to throw	V-2AAM-3S	Verb, second Aorist, Active, iMperative, third, Singular
110	43	8	7	λίθον·	G3037	λίθος	stone	N-ASM	Noun, Accusative, Singular, Masculine
111	43	8	8	καὶ	G2532	καί	and	CONJ	CONJunction or conjunctive particle
112	43	8	8	πάλιν	G3825	πάλιν	again	ADV	ADVerb or adverb and particle combined
113	43	8	8	κατακύψας	G6049	κατακύπτω	to stoop	V-AAP-NSM	Verb, Aorist, Active, Participle, Nominative, Singular, Masculine
114	43	8	8	ἔγραφεν	G1125	γράφω	to write	V-IAI-3S	Verb, Imperfect, Active, Indicative, third, Singular
115	43	8	8	εἰς	G1519	εἰς	toward	PREP	PREPosition
116	43	8	8	τὴν	G3588	ὁ	the/this/who	T-ASF	definite article, Accusative, Singular, Feminine
117	43	8	8	γῆν.	G1093	γῆ	earth	N-ASF	Noun, Accusative, Singular, Feminine
118	43	8	9	οἱ	G3588	ὁ	the/this/who	T-NPM	definite article, Nominative, Plural, Masculine
119	43	8	9	δὲ	G1161	δέ	but/and	CONJ	CONJunction or conjunctive particle
120	43	8	9	ἀκούσαντες	G191	ἀκούω	to hear	V-AAP-NPM	Verb, Aorist, Active, Participle, Nominative, Plural, Masculine
121	43	8	9	ἐξήρχοντο	G1831	ἐξέρχομαι	to go out	V-INI-3P	Verb, Imperfect, middle or passive depoNent, Indicative, third, Plural
122	43	8	9	εἷς	G1520	εἷς	one	A-NSM	Adjective, Nominative, Singular, Masculine
123	43	8	9	καθ᾽	G2596	κατά	according to	PREP	PREPosition
124	43	8	9	εἷς	G1520	εἷς	one	A-NSM	Adjective, Nominative, Singular, Masculine
125	43	8	9	ἀρξάμενοι	G757	ἄρχω	be first	V-AMP-NPM	Verb, Aorist, Middle, Participle, Nominative, Plural, Masculine
126	43	8	9	ἀπὸ	G575	ἀπό	from	PREP	PREPosition
127	43	8	9	τῶν	G3588	ὁ	the/this/who	T-GPM	definite article, Genitive, Plural, Masculine
128	43	8	9	πρεσβυτέρων,	G4245	πρεσβύτερος	elder	A-GPM	Adjective, Genitive, Plural, Masculine
129	43	8	9	καὶ	G2532	καί	and	CONJ	CONJunction or conjunctive particle
130	43	8	9	κατελείφθη	G2641	καταλείπω	to leave	V-API-3S	Verb, Aorist, Passive, Indicative, third, Singular
131	43	8	9	μόνος,	G3441	μόνος	alone	A-NSM	Adjective, Nominative, Singular, Masculine
132	43	8	9	καὶ	G2532	καί	and	CONJ	CONJunction or conjunctive particle
133	43	8	9	ἡ	G3588	ὁ	the/this/who	T-NSF	definite article, Nominative, Singular, Feminine
134	43	8	9	γυνὴ	G1135	γυνή	woman	N-NSF	Noun, Nominative, Singular, Feminine
135	43	8	9	ἐν	G1722	ἐν	in/on/among	PREP	PREPosition
136	43	8	9	μέσῳ	G3319	μέσος	midst	A-DSN	Adjective, Dative, Singular, Neuter
137	43	8	9	οὖσα.	G1510	εἰμί	to be	V-PAP-NSF	Verb, Present, Active, Participle, Nominative, Singular, Feminine
138	43	8	10	ἀνακύψας	G352	ἀνακύπτω	to straighten up	V-AAP-NSM	Verb, Aorist, Active, Participle, Nominative, Singular, Masculine
139	43	8	10	δὲ	G1161	δέ	but/and	CONJ	CONJunction or conjunctive particle
140	43	8	10	ὁ	G3588	ὁ	the/this/who	T-NSM	definite article, Nominative, Singular, Masculine
141	43	8	10	Ἰησοῦς	G2424	Ἰησοῦς	Jesus/Joshua	N-NSM-P	Noun, Nominative, Singular, Masculine, Person
142	43	8	10	εἶπεν	G2036	ἔπω, ἐρῶ, εἶπον	to say	V-2AAI-3S	Verb, second Aorist, Active, Indicative, third, Singular
143	43	8	10	αὐτῇ	G846	αὐτός	he/she/it/self	P-DSF	Personal pronoun, Dative, Singular, Feminine
144	43	8	10	Γύναι,	G1135	γυνή	woman	N-VSF	Noun, Vocative, Singular, Feminine
145	43	8	10	ποῦ	G4226	ποῦ	where?	ADV-I	ADVerb, Interrogative
146	43	8	10	εἰσίν;	G1510	εἰμί	to be	V-PAI-3P	Verb, Present, Active, Indicative, third, Plural
147	43	8	10	οὐδείς	G3762	οὐδείς	no one	A-NSM	Adjective, Nominative, Singular, Masculine
148	43	8	10	σε	G4771	σύ	you	P-2AS	Personal pronoun, second, Accusative, Singular
149	43	8	10	κατέκρινεν;	G2632	κατακρίνω	to condemn	V-AAI-3S	Verb, Aorist, Active, Indicative, third, Singular
150	43	8	11	ἡ	G3588	ὁ	the/this/who	T-NSF	definite article, Nominative, Singular, Feminine
151	43	8	11	δὲ	G1161	δέ	but/and	CONJ	CONJunction or conjunctive particle
152	43	8	11	εἶπεν	G2036	ἔπω, ἐρῶ, εἶπον	to say	V-2AAI-3S	Verb, second Aorist, Active, Indicative, third, Singular
153	43	8	11	Οὐδείς,	G3762	οὐδείς	no one	A-NSM	Adjective, Nominative, Singular, Masculine
154	43	8	11	κύριε.	G2962	κύριος	lord	N-VSM	Noun, Vocative, Singular, Masculine
155	43	8	11	εἶπεν	G2036	ἔπω, ἐρῶ, εἶπον	to say	V-2AAI-3S	Verb, second Aorist, Active, Indicative, third, Singular
156	43	8	11	δὲ	G1161	δέ	but/and	CONJ	CONJunction or conjunctive particle
157	43	8	11	ὁ	G3588	ὁ	the/this/who	T-NSM	definite article, Nominative, Singular, Masculine
158	43	8	11	Ἰησοῦς	G2424	Ἰησοῦς	Jesus/Joshua	N-NSM-P	Noun, Nominative, Singular, Masculine, Person
159	43	8	11	Οὐδὲ	G3761	οὐδέ	and not	CONJ-N	CONJunction, Negative
160	43	8	11	ἐγώ	G1473	ἐγώ	I/we	P-1NS	Personal pronoun, first, Nominative, Singular
161	43	8	11	σε	G4771	σύ	you	P-2AS	Personal pronoun, second, Accusative, Singular
162	43	8	11	κατακρίνω·	G2632	κατακρίνω	to condemn	V-PAI-1S	Verb, Present, Active, Indicative, first, Singular
163	43	8	11	πορεύου,	G4198	πορεύω	to go	V-PNM-2S	Verb, Present, middle or passive depoNent, iMperative, second, Singular
164	43	8	11	καὶ	G2532	καί	and	CONJ	CONJunction or conjunctive particle
165	43	8	11	ἀπὸ	G575	ἀπό	from	PREP	PREPosition
166	43	8	11	τοῦ	G3588	ὁ	the/this/who	T-GSM	definite article, Genitive, Singular, Masculine
167	43	8	11	νῦν	G3568	νῦν	now	ADV	ADVerb or adverb and particle combined
168	43	8	11	μηκέτι	G3371	μηκέτι	never again	ADV	ADVerb or adverb and particle combined
169	43	8	11	ἁμάρτανε.⟧	G264	ἁμαρτάνω	to sin	V-PAM-2S	Verb, Present, Active, iMperative, second, Singular
